,ds,ASEAN-5,Advanced economies,Afghanistan,Africa (Region),Albania,Algeria,Andorra,Angola,Antigua and Barbuda,Argentina,Armenia,Aruba,Asia and Pacific,Australia,Australia and New Zealand,Austria,Azerbaijan,"Bahamas, The",Bahrain,Bangladesh,Barbados,Belarus,Belgium,Belize,Benin,Bhutan,Bolivia,Bosnia and Herzegovina,Botswana,Brazil,Brunei Darussalam,Bulgaria,Burkina Faso,Burundi,Cabo Verde,Cambodia,Cameroon,Canada,Caribbean,Central African Republic,Central America,Central Asia and the Caucasus,Chad,Chile,"China, People's Republic of",Colombia,Comoros,"Congo, Dem. Rep. of the","Congo, Republic of ",Costa Rica,Croatia,Cyprus,Czech Republic,Côte d'Ivoire,Denmark,Djibouti,Dominica,Dominican Republic,East Asia,Eastern Europe ,Ecuador,Egypt,El Salvador,Emerging and Developing Asia,Emerging and Developing Europe,Emerging market and developing economies,Equatorial Guinea,Eritrea,Estonia,Eswatini,Ethiopia,Euro area,Europe,European Union,Fiji,Finland,France,Gabon,"Gambia, The",Georgia,Germany,Ghana,Greece,Grenada,Guatemala,Guinea,Guinea-Bissau,Guyana,Haiti,Honduras,Hong Kong SAR,Hungary,Iceland,India,Indonesia,Iran,Iraq,Ireland,Israel,Italy,Jamaica,Japan,Jordan,Kazakhstan,Kenya,Kiribati,"Korea, Republic of",Kosovo,Kuwait,Kyrgyz Republic,Lao P.D.R.,Latin America and the Caribbean,Latvia,Lebanon,Lesotho,Liberia,Libya,Lithuania,Luxembourg,Macao SAR,Madagascar,Major advanced economies (G7),Malawi,Malaysia,Maldives,Mali,Malta,Marshall Islands,Mauritania,Mauritius,Mexico,"Micronesia, Fed. States of",Middle East (Region),Middle East and Central Asia,Moldova,Mongolia,Montenegro,Morocco,Mozambique,Myanmar,Namibia,Nauru,Nepal,Netherlands,New Zealand,Nicaragua,Niger,Nigeria,North Africa,North America,North Macedonia ,Norway,Oman,Other advanced economies,Pacific Islands ,Pakistan,Palau,Panama,Papua New Guinea,Paraguay,Peru,Philippines,Poland,Portugal,Puerto Rico,Qatar,Romania,Russian Federation,Rwanda,Saint Kitts and Nevis,Saint Lucia,Saint Vincent and the Grenadines,Samoa,San Marino,Saudi Arabia,Senegal,Serbia,Seychelles,Sierra Leone,Singapore,Slovak Republic,Slovenia,Solomon Islands,Somalia,South Africa,South America,South Asia,"South Sudan, Republic of",Southeast Asia,Spain,Sri Lanka,Sub-Saharan Africa,Sub-Saharan Africa (Region) ,Sudan,Suriname,Sweden,Switzerland,Syria,São Tomé and Príncipe,Taiwan Province of China,Tajikistan,Tanzania,Thailand,Timor-Leste,Togo,Tonga,Trinidad and Tobago,Tunisia,Turkmenistan,Tuvalu,"Türkiye, Republic of",Uganda,Ukraine,United Arab Emirates,United Kingdom,United States,Uruguay,Uzbekistan,Vanuatu,Venezuela,Vietnam,West Bank and Gaza,Western Europe,Western Hemisphere (Region),World,Yemen,Zambia,Zimbabwe
0,1980,7.7,1.3,0.1235294117647063,5.519744396209717,2.7,-5.4,2.9454545454545453,2.4,8.2,0.7,-0.04,3.795346975326538,4.4,2.9,2.6,2.3,-0.7966666666666666,7.1,7.5,4.338095238095239,4.4,2.997409582138061,4.4,5.0,9.3,5.0,0.6,3.2481481481481485,12.0,9.2,0.2894736842105256,5.7,4.0,-6.8,5.3,5.928571428571428,9.9,2.2,4.3,-3.0,2.3,5.1,-6.0,7.9,7.9,4.4,7.4,2.4,12.7,0.8,3.239560842514038,5.9,3.119230769230769,5.2,-0.5,0.8719269037246704,13.4,8.0,4.2,-0.9,4.9,3.4,-8.6,6.3,-0.8,3.3,4.8,3.2966666666666664,2.107991933822632,-3.8,4.0,1.4175385236740112,1.4,1.8,-1.7,5.7,1.8,0.0,0.7,-4.271875,1.3,0.5,0.7,15.1,3.7,2.6,3.069047619047619,-2.1,7.3,0.6,10.3,0.2,5.7,5.3,9.9,-21.6,-0.9045454545454548,2.9,3.6,3.1,-4.0,3.2,11.1,1.7951170206069946,5.6,0.1,-1.6,-0.7619047619047621,-20.4,-2.97,10.0,6.4,3.696428571428572,1.5,-0.8,3.742857142857143,0.6,3.56052041053772,3.2,7.390000000000001,0.8,0.9,0.4,7.4,18.8,3.3,7.0,0.8999999999999986,-2.578125,-10.1,9.5,-0.3964285714285713,-3.5,-1.9,1.2853912115097046,6.4,4.071556568145752,3.8,4.2,5.363999999999999,3.4125,3.088888888888888,-2.3,1.7800854444503784,1.0,4.6,4.9,3.3001697063446045,0.3,1.0,-1.5448275862068968,4.5,6.1,3.8,-1.9,6.9,-1.482608695652175,4.5,-2.3,11.7,7.7,5.1,-6.0,6.7,1.841463414634146,-1.0,3.3,-0.4359738826751709,-3.6,1.3,-0.5,2.9,-6.1,2.3973934650421143,5.7,-0.8,-1.4208333333333334,-2.3,-0.6,10.1,3.964313745498657,2.954222679138184,-2.7,1.8729963302612305,6.6,5.7,5.2,2.8599999999999994,7.0,1.2,5.8,3.9,4.138685703277588,2.5,-6.5,4.6,5.1,10.5,-1.1,8.0,-1.3299999999999996,3.3,4.6,1.2347826086956517,-2.3,15.8,10.4,7.4,-0.3666666666666669,0.3652173913043484,-0.8,-3.4,-0.0806924328207969,-1.8,-2.2,-0.3,6.0,4.701137065887451,5.5,-4.9,-3.5,-1.1464285714285714,1.6,2.2,2.1,-4.3625,3.9,-0.0416666666666665
1,1981,6.5,2.0,1.8235294117647065,5.759993076324463,5.7,3.0,3.3454545454545457,-4.4,3.8,-5.7,1.66,3.214077472686768,5.2,4.1,3.9,-0.1,0.9033333333333332,-2.9,2.8,3.8,-1.9,2.997409582138061,-0.3,0.2,1.9,13.6,0.3,3.5481481481481483,8.2,-4.4,-0.1105263157894738,5.3,2.7,12.2,8.4,5.5285714285714285,17.1,3.5,2.2,13.0,1.4,5.1,-10.8,6.2,5.1,2.3,5.5,0.9,2.6,-2.3,1.535221815109253,3.1,3.519230769230769,3.5,-0.7,0.8719269037246704,10.8,4.3,4.8,-2.6,3.9,2.2,-5.7,5.9,-0.5,1.9,5.8,3.2966666666666664,2.107991933822632,6.9,0.0,0.0472136586904525,0.0,0.1,6.0,1.3,1.1,-4.0,-9.5,-2.5718750000000004,0.1,-3.8,-1.6,1.4,0.6,0.6,-0.5,0.6,1.1,-1.2,9.2,2.9,4.3,6.0,7.6,-5.7,0.7954545454545452,2.5,4.7,0.6,4.4,4.2,15.0,1.7951170206069946,4.1,0.2,7.2,-0.461904761904762,-18.9,-1.2699999999999998,15.3,0.9,1.996428571428572,0.5,3.1,3.742857142857143,-20.0,3.3741226196289062,0.8,7.790000000000001,-9.8,2.0,-5.2,6.9,7.9,-4.5,2.7,0.4999999999999991,-0.8781249999999998,5.9,8.5,-0.7964285714285708,0.4,-0.2,1.2853912115097046,8.4,4.626249313354492,-2.8,5.0,3.964,3.4125,1.6888888888888878,8.3,-0.5,3.0,5.4,-0.2,3.3001697063446045,-3.6,3.3,-1.2448275862068967,1.6,17.1,4.2,2.5,6.2,-2.882608695652175,9.2,1.1,9.2,5.5,3.4,-10.0,3.5,1.1,-3.9,0.1,-0.4359738826751709,2.5,2.7,5.1,3.9,-9.1,2.7246575355529785,1.9,5.1,-1.1208333333333336,-3.9,1.9,10.8,4.00095796585083,1.9468135833740237,-1.8,1.8729963302612305,5.4,-2.3,6.0,2.8599999999999994,6.5,-0.4,5.3,3.9,4.138685703277588,6.3,1.9,4.5,1.6,8.5,-10.3,7.1,0.3700000000000003,0.5,5.9,-0.1652173913043482,-3.4,14.0,4.6,5.5,1.333333333333333,-1.0347826086956515,4.4,3.9,-0.0806924328207969,8.0,-0.9,2.5,1.9,4.992637634277344,4.4,-1.3,5.8,0.5535714285714284,0.3,2.0,1.9,-2.6625,6.6,-0.0416666666666665
2,1982,3.8,0.2,2.423529411764706,3.683795213699341,2.9,6.4,1.3454545454545457,0.0,-0.1,-3.1,2.26,3.658083200454712,4.2,0.1,0.5,1.9,1.5033333333333334,6.3,6.4,2.4,-4.9,4.0,0.6,-7.6,1.7,8.2,-3.9,5.448148148148148,15.9,0.6,-0.9105263157894744,4.2,1.4,-1.1,2.8,4.728571428571428,7.6,-3.2,0.2,-3.6,-1.8,5.1,5.4,-13.6,9.0,0.9,4.1,-0.5,2.4,-7.3,1.7611385583877563,6.3,1.5192307692307694,0.2,3.7,0.8719269037246704,4.1,1.7,4.8,0.5,1.2,7.3,-6.3,5.1,1.4,1.5,2.2,3.2966666666666664,2.107991933822632,1.4,1.0,0.7052730321884155,0.7,0.6,-1.1,3.1,2.5,4.1,20.8,-1.9718750000000005,-0.8,-8.3,-1.1,4.1,-3.5,1.8,4.2,-8.9,-2.8,-2.1,2.9,2.8,2.2,3.5,2.2,23.2,1.3954545454545453,1.5,1.4,0.2,3.1,3.3,5.8,1.7951170206069946,5.1,0.7,8.3,1.438095238095238,-9.5,-0.6699999999999998,4.7,-0.5,2.4964285714285714,-36.8,5.6,3.742857142857143,1.5,3.468658685684204,1.0,5.790000000000001,-1.9,-0.1,2.5,5.9,7.5,-11.6,0.1,-0.3000000000000016,-0.2781249999999998,5.5,-0.5,-1.5964285714285715,-2.4,0.4,2.760298252105713,8.3,5.130392074584961,9.6,-6.9,3.564,3.4125,1.288888888888888,3.8,-1.3,2.9,-0.8,2.2,3.3001697063446045,5.5,-1.8,0.6551724137931032,0.2,11.5,2.2,0.3,7.6,-3.2826086956521747,5.3,0.8,-1.4,-0.3,3.6,-4.8,2.2,-3.0,-8.2,3.9,0.6442521810531616,-2.5,6.1,2.1,2.6,-1.0,1.7713706493377686,-20.7,7.8,0.7791666666666665,-2.1,1.8,7.1,3.6982245445251465,2.43562388420105,-1.7,1.8729963302612305,-0.4,-0.4,4.2,2.8599999999999994,4.1,1.2,5.2,3.9,4.138685703277588,4.1,-6.3,1.4,-1.3,2.6,3.1,4.8,0.9700000000000004,0.6,5.4,-0.5652173913043481,-3.7,12.8,3.8,-0.5,1.933333333333333,-1.4347826086956514,3.4,8.2,0.7323433756828308,-7.2,1.7,-1.8,-9.4,4.992637634277344,2.0,2.6,8.2,1.1535714285714285,0.7,-1.4,0.7,-2.0625,-2.9,-0.0416666666666665
3,1983,4.5,3.2,2.723529411764706,2.883331298828125,1.1,5.4,3.145454545454545,4.2,5.4,3.7,2.56,3.6000375747680664,5.4,-0.5,-0.4,2.8,1.8033333333333328,6.8,7.0,4.0,0.5,4.3,0.3,6.1,-2.0,7.3,-4.0,8.648148148148149,10.8,-3.4,0.9894736842105258,3.0,-1.2,3.7,9.5,6.628571428571428,6.8,2.6,-1.9,-6.0,0.9,5.1,15.7,-2.8,10.8,1.6,3.1,1.4,2.4,2.9,3.239560842514038,5.3,3.319230769230769,-2.5,2.6,0.8719269037246704,2.6,4.6,6.0,4.5,-2.8,8.9,1.5,7.0,4.6,1.8,5.0,3.2966666666666664,2.107991933822632,-0.5,7.8,1.4175385236740112,2.0,1.7,-4.2,3.1,1.3,2.0,13.5,-1.6718750000000002,1.6,-6.2,-1.1,3.3,-2.5,1.3,-3.4,-11.5,-1.5,0.9,6.0,0.7,-2.2,7.3,4.2,11.1,1.695454545454545,-0.7,2.6,0.9,4.2,3.5,1.4,1.7951170206069946,1.6,-2.7,13.4,4.638095238095238,5.3,-0.3699999999999999,3.0,-2.8,3.5964285714285715,22.7,3.0,3.742857142857143,-4.7,4.280663013458252,1.9,7.590000000000001,0.9,3.3,3.7,6.3,4.4,3.2,2.6,1.5999999999999988,0.021875,0.4,-3.5,0.3035714285714288,-1.1,0.7,6.011419773101807,5.8,5.140715599060059,-0.6,-15.7,3.864,3.4125,1.588888888888888,-3.0,1.8,-0.1,4.6,-3.9,3.3001697063446045,3.6,3.5,3.855172413793103,4.0,15.9,4.0,1.0,6.8,-2.982608695652175,-4.5,3.4,-3.0,-9.3,1.9,5.6,1.0,0.5,-5.3,6.0,4.6856608390808105,6.0,-2.1,4.1,3.2,0.5,0.2086777240037918,-16.1,-5.3,3.979166666666666,-0.6,-1.6,8.6,4.085743427276611,2.954222679138184,3.9,1.8729963302612305,-1.8,-2.8,6.7,2.8599999999999994,4.6,1.7,3.3,3.9,4.138685703277588,-1.5,-5.1,2.1,0.6,1.6,-3.9,9.0,1.2700000000000002,2.4,5.6,-0.265217391304348,-5.2,5.8,-10.3,4.7,2.233333333333333,-1.1347826086956514,4.8,4.9,4.209128379821777,-5.2,3.9,4.6,-5.9,4.992637634277344,3.0,-9.9,7.1,1.4535714285714283,1.7,2.1,2.6,-1.7625,-1.1,-0.0416666666666665
4,1984,4.6,4.8,2.323529411764706,5.177040576934815,2.0,5.6,5.745454545454545,6.0,10.2,2.0,2.16,5.217868328094482,6.5,6.3,6.4,0.3,1.403333333333333,2.4,4.2,5.2,3.6,3.0,2.5,11.3,0.4,7.6,-0.2,8.148148148148149,6.5,5.3,1.4894736842105258,4.6,1.6,0.2,3.8,7.128571428571428,7.5,5.9,-0.2,9.9,2.1,5.1,5.3,5.9,15.2,3.4,4.2,4.8,2.4,8.0,3.332760572433472,8.8,5.919230769230769,-2.0,4.2,0.8719269037246704,4.2,1.3,7.7,2.9,4.2,8.0,1.3,7.5,4.1,4.1,1.0,3.2966666666666664,2.107991933822632,2.5,-2.3,2.0133960247039795,2.5,2.5,10.1,3.2,1.6,4.9,-7.6,-2.0718750000000004,2.8,9.4,2.0,4.0,0.5,1.4,5.5,2.1,0.2,6.3,10.0,2.7,4.1,3.8,7.6,-7.1,1.2954545454545452,3.2,2.2,3.0,0.9,4.5,5.5,1.7951170206069946,1.6,2.4,10.6,4.138095238095238,5.2,-0.7699999999999998,6.4,3.9,4.396428571428571,44.5,4.3,3.742857142857143,-8.3,4.758721351623535,4.7,10.19,1.8,5.0,5.4,7.8,17.4,2.4,0.8,2.0999999999999988,-0.3781249999999999,4.8,3.4,0.8035714285714288,-1.4,0.3,4.3905792236328125,5.9,5.140715599060059,4.3,-6.5,6.164,3.4125,3.888888888888888,9.7,3.1,6.9,-1.6,-16.8,3.3001697063446045,3.5,6.7,3.355172413793103,6.1,13.9,6.6,3.9,4.0,-0.6826086956521751,2.7,-1.0,2.8,3.8,-7.3,-0.4,-1.0,7.3,16.0,6.0,2.356935977935791,13.0,9.7,8.0,5.3,2.0,2.430656909942627,-4.7,3.7,3.479166666666666,4.3,1.7,8.8,6.144863605499268,3.379191875457764,0.2,1.8729963302612305,5.1,4.4,4.1,2.8599999999999994,4.9,1.7,6.7,3.9,4.138685703277588,-5.6,-3.0,4.3,3.1,-6.5,-6.0,10.0,0.8700000000000003,3.4,5.8,2.0347826086956515,5.9,44.1,-5.8,5.7,1.833333333333333,1.1652173913043482,6.8,-3.0,2.377183437347412,4.5,1.9,7.2,-1.5,4.992637634277344,9.6,5.2,8.4,1.0535714285714284,2.5,6.1,4.6,-2.1625,-1.7,-0.0416666666666665
5,1985,1.3,3.7,3.223529411764706,2.7186882495880127,-1.5,5.6,3.4454545454545453,3.5,7.6,-7.0,3.06,3.36319637298584,5.8,5.5,4.8,2.2,2.303333333333333,4.1,-0.9,3.2,1.1,1.7,1.7,-1.4,4.3,4.3,-1.7,6.448148148148148,7.7,7.9,0.5894736842105255,1.8,11.3,11.8,8.6,6.228571428571428,8.1,4.7,-0.1,3.7,0.2,5.1,7.9,2.0,13.5,3.1,2.9,0.5,2.4,0.7,3.0190389156341557,4.7,3.619230769230769,3.6,4.0,0.8719269037246704,1.4,-2.1,7.3,1.6,4.4,7.4,0.6,6.6,2.4,3.5,12.9,3.2966666666666664,2.107991933822632,1.9,-11.4,1.8656880855560305,2.5,2.2,-3.8,3.5,1.7,5.8,3.6,-1.1718750000000002,2.2,6.4,2.5,6.0,-0.6,5.0,4.3,0.4,0.8,5.6,0.7,-0.3,3.3,5.3,3.9,1.9,2.1954545454545453,1.9,4.5,2.6,-0.9,5.2,-1.1,1.7951170206069946,4.1,-4.5,7.8,2.438095238095238,-4.3,0.1300000000000001,9.1,3.2,4.096428571428572,24.3,3.3,3.742857142857143,0.6,4.758721351623535,5.6,7.890000000000001,1.2,3.8,4.6,-0.9,13.8,3.2,2.4,1.1999999999999984,0.5218750000000001,6.9,2.2,-0.0964285714285715,-1.6,1.2,3.5935370922088623,5.7,4.625720024108887,6.3,1.0,5.564,3.4125,3.288888888888888,6.1,2.7,1.2,-4.1,7.7,3.3001697063446045,5.3,4.0,1.6551724137931032,5.6,14.5,4.3,1.1,8.7,-1.2826086956521747,4.9,3.6,3.9,2.1,-7.3,3.9,1.6,2.1,-13.0,-0.1,2.2139413356781006,4.4,6.4,12.6,4.3,5.8,3.109515190124512,-9.8,3.3,1.7791666666666663,10.3,-6.7,-0.6,4.00095796585083,3.270590305328369,-3.1,1.8729963302612305,-1.2,3.9,5.7,2.8599999999999994,1.7,2.4,5.0,3.9,4.138685703277588,-0.6,-0.9,2.3,3.7,7.3,9.3,4.8,1.7700000000000002,4.6,4.6,1.434782608695652,3.7,5.6,-4.1,5.7,2.733333333333333,0.5652173913043486,4.3,-3.0,2.584911584854126,-2.5,3.7,4.2,0.3,4.992637634277344,1.0,0.9,5.6,1.9535714285714283,2.6,3.9,3.6,-1.2625,1.2,-0.0416666666666665
6,1986,5.2,3.3,4.023529411764706,3.683795213699341,5.6,-0.2,4.6454545454545455,2.9,11.5,7.1,3.86,3.4293229579925537,5.4,2.4,2.4,2.3,3.103333333333333,2.6,0.5,4.2,5.1,3.6,1.8,7.3,2.7,8.0,-2.6,8.44814814814815,8.6,7.5,-2.7,5.3,8.0,3.2,2.9,5.828571428571428,6.8,2.1,1.9,7.2,2.2,5.1,6.0,5.6,8.9,5.8,2.2,4.7,2.3,5.5,4.576329231262207,3.6,4.819230769230769,4.8,4.9,0.8719269037246704,7.1,3.5,5.8,3.1,3.1,4.8,0.2,6.2,4.4,4.3,-2.3,3.2966666666666664,2.107991933822632,18.6,9.7,2.494110345840454,2.7,2.7,6.6,2.7,2.3,-2.1,2.4,-0.3718750000000002,2.4,6.2,0.5,7.4,0.1,3.1,-1.0,-0.2,0.3,5.3,11.1,1.5,6.3,4.8,7.2,-9.8,2.995454545454545,0.4,3.6,2.7,7.0,3.3,5.9,1.7951170206069946,7.0,1.0,11.3,4.438095238095238,8.6,0.9300000000000002,4.8,4.3,4.596428571428572,-6.8,4.1,3.742857142857143,-11.4,4.806935787200928,10.0,9.09,2.0,3.0,-0.2,1.2,8.6,6.1,3.8,0.7999999999999989,1.321875,9.7,-3.1,-0.496428571428571,1.9,2.0,6.011419773101807,9.4,5.140715599060059,8.3,-2.3,6.363999999999999,3.4125,4.088888888888888,4.6,3.1,1.8,-1.0,6.4,3.3001697063446045,0.5,2.7,3.655172413793104,4.0,2.1,5.5,5.6,6.4,-0.4826086956521749,3.6,5.7,0.3,12.1,3.4,3.5,3.3,8.2,3.7,2.4,4.385601043701172,5.5,8.8,14.4,5.4,4.8,2.8411433696746826,17.0,3.1,3.779166666666667,0.8,0.1,1.3,5.285321235656738,4.8189568519592285,-0.2,1.8729963302612305,0.0,7.1,4.9,2.8599999999999994,5.0,3.4,4.3,3.9,4.138685703277588,9.9,-2.4,3.0,1.8,-4.8,-5.8,11.5,2.5700000000000003,6.6,5.5,2.234782608695652,3.3,8.8,-3.3,-1.5,3.533333333333333,1.3652173913043484,6.9,0.9,3.9390389919281006,-19.3,2.6,3.5,7.5,4.992637634277344,-0.1,6.1,3.4,2.753571428571429,2.6,3.7,3.6,-0.4624999999999999,1.7,-0.0416666666666665
7,1987,6.9,3.8,1.9235294117647064,3.79193377494812,-0.8,-0.7,5.6454545454545455,4.1,6.6,2.5,1.7599999999999998,16.1,6.8,4.9,4.5,1.7,1.0033333333333332,3.7,-1.2,3.7,2.6,2.8,2.3,22.0,-2.1,20.2,2.5,9.048148148148147,14.9,3.6,2.0,4.7,-0.2,5.5,4.3,6.828571428571428,-2.2,4.1,1.7,0.0,4.4,5.1,3.6,6.6,11.7,5.4,2.2,2.7,2.3,4.8,4.558587551116943,7.1,5.819230769230769,-0.5,0.3,0.8719269037246704,6.3,10.1,7.7,2.4,-6.0,4.3,2.5,7.2,5.0,4.0,4.4,3.2966666666666664,2.107991933822632,10.0,13.9,2.6065104007720947,2.9,2.6,-7.2,3.6,2.6,-15.4,2.8,-2.4718750000000003,1.5,6.7,-2.3,9.1,3.6,3.3,5.6,-0.1,-0.4,6.6,13.4,4.1,8.5,4.0,6.6,-0.2,0.8954545454545453,3.6,7.5,3.1,7.7,4.7,2.7,1.7951170206069946,5.8,0.4,12.7,5.038095238095238,8.1,-1.17,-1.0,3.3,4.496428571428572,16.7,2.1,3.742857142857143,-14.7,4.758721351623535,4.0,10.09,1.2,3.5,1.6,5.4,8.9,2.5,5.7,1.799999999999999,-0.7781249999999998,10.2,1.7,0.503571428571429,-0.5,-0.1,6.011419773101807,3.5,5.140715599060059,-2.5,14.7,6.064,3.4125,3.788888888888888,1.7,1.9,2.4,-0.7,0.1,3.3001697063446045,-0.7,3.3,4.255172413793103,1.8,-4.0,6.5,-0.1,5.8,-0.7826086956521747,-1.8,2.8,4.1,7.7,4.3,2.3,7.6,4.9,0.9,0.8,4.6856608390808105,-0.3,8.3,3.9,0.6,0.5,4.463466167449951,-6.6,6.1,4.379166666666666,4.9,2.4,10.8,6.0973639488220215,4.793275833129883,8.4,1.8729963302612305,2.1,3.8,4.1,2.8599999999999994,6.5,5.7,1.5,3.9,4.138685703277588,6.5,-8.8,3.3,1.5,1.3,-2.9,12.8,0.4700000000000003,5.9,9.5,1.934782608695652,-2.5,1.7,-4.6,6.7,1.433333333333333,1.0652173913043486,10.0,4.0,4.244128704071045,5.3,5.2,3.5,5.9,4.992637634277344,-2.9,4.8,2.5,0.6535714285714285,3.0,3.5,3.9,-2.5625,1.5,-0.0416666666666665
8,1988,8.8,4.8,5.3235294117647065,4.334031105041504,-1.4,-1.9,4.6454545454545455,6.1,5.2,-2.0,5.16,18.6,7.8,4.3,3.7,1.0,4.403333333333333,2.3,6.0,2.2,3.5,5.3,4.7,10.9,3.4,15.1,2.9,5.648148148148149,23.4,0.3,1.1,2.4,5.8,5.0,6.0,9.6,-7.9,4.4,0.4,1.7,0.1,5.1,7.5,7.3,11.2,4.1,5.1,0.5,21.9,3.4,4.958340644836426,8.3,4.819230769230769,1.1,0.0,0.8719269037246704,7.8,2.2,8.4,1.4,10.5,4.0,1.9,9.3,1.6,4.5,2.7,3.2966666666666664,2.107991933822632,7.6,0.6,3.438710451126098,3.9,3.8,3.5,5.2,4.6,3.5,1.7,0.9281249999999996,3.7,6.5,4.3,2.9,3.9,6.3,2.0,-6.0,0.6,1.7,8.5,-0.1,-0.1,9.6,7.0,-6.1,4.295454545454545,3.0,3.6,4.0,-4.0,6.8,2.9,1.7951170206069946,6.1,9.1,12.0,1.638095238095238,-10.0,2.23,-2.1,1.1,5.696428571428571,-28.2,7.7,3.742857142857143,7.6,4.627171039581299,8.5,9.09,3.4,4.7,3.2,9.9,8.7,0.1,6.8,3.9,2.621875,6.8,1.3,2.603571428571429,2.8,3.3,4.416250228881836,5.1,5.324893474578857,10.4,8.2,6.564,3.4125,4.288888888888888,7.7,4.6,0.6,-12.4,6.9,3.3001697063446045,3.3,3.9,0.8551724137931034,-0.3,5.2,5.5,2.8,6.4,-0.2826086956521747,-13.4,2.9,5.9,-9.4,6.8,3.3,5.3,6.5,4.7,-0.5,0.2675380110740661,0.3,10.4,13.9,13.2,2.9,0.2626778781414032,13.1,-0.6,0.9791666666666666,5.3,2.1,11.3,5.285321235656738,5.273608684539795,1.3,2.813642263412476,4.2,1.1,8.3,2.8599999999999994,8.4,5.3,2.7,3.9,4.138685703277588,4.3,10.8,2.5,3.3,12.7,2.0,8.0,3.87,4.4,13.3,2.434782608695652,10.1,-3.5,-3.9,0.1,4.833333333333333,1.5652173913043486,2.1,8.3,2.2838830947875977,-2.6,5.2,4.2,0.5,5.934664726257324,-1.7,6.5,5.1,4.053571428571428,4.2,3.3,4.7,0.8374999999999999,9.3,-0.0416666666666665
9,1989,9.4,3.9,6.3235294117647065,3.8297290802001953,9.8,4.8,3.745454545454545,0.0,5.3,-7.0,6.16,12.1,5.4,4.6,4.1,3.9,5.403333333333333,2.3,1.0,2.6,3.6,3.0,3.5,15.5,-2.8,6.2,3.8,4.148148148148148,4.7,3.2,-1.1,-0.5,2.2,1.3,5.7,3.3,-1.8,2.3,1.8,3.8,3.2,5.1,2.0,10.6,4.2,3.4,-0.8,-1.3,21.3,5.7,4.958340644836426,8.1,3.9192307692307686,3.0,0.6,0.8719269037246704,-0.2,4.4,5.0,0.1,0.3,3.0,1.0,6.3,0.1,3.5,-1.2,3.2966666666666664,2.107991933822632,9.4,-0.5,3.3778011798858643,3.4,3.6,13.9,5.1,4.5,15.4,4.3,1.928125,3.9,4.5,3.8,3.8,3.9,4.0,2.9,-4.9,-1.1,2.7,2.3,0.7,0.3,5.9,9.1,6.1,5.295454545454545,5.6,1.4,3.3,4.7,4.9,-10.7,1.7951170206069946,4.6,-3.1,7.1,0.1380952380952379,25.9,3.23,9.9,1.1,5.496428571428572,-42.2,5.5,3.742857142857143,7.2,4.650742530822754,9.8,8.190000000000001,4.1,3.8,1.3,9.1,9.3,10.7,7.1,0.8999999999999986,3.621875,4.5,4.1,-0.3964285714285713,4.3,4.3,1.2853912115097046,4.2,3.928032636642456,2.4,6.5,5.564,3.4125,3.288888888888888,4.3,4.5,0.4,-1.7,1.0,3.3001697063446045,4.1,3.6,-0.6448275862068967,1.0,3.0,4.6,4.0,4.8,-1.2826086956521747,1.6,-1.4,5.8,-13.4,6.2,3.8,6.6,4.9,5.3,-5.8,-0.4359738826751709,-5.7,6.0,9.0,3.3,5.8,0.2626778781414032,-0.5,4.0,-0.5208333333333335,10.3,5.0,10.2,3.73006272315979,5.369858741760254,4.3,2.813642263412476,2.4,-0.1,5.5,2.8599999999999994,9.1,5.0,2.3,3.9,4.138685703277588,1.4,2.3,2.7,4.4,-6.1,3.1,8.7,4.87,3.8,12.2,1.434782608695652,4.1,1.1,-0.8,2.6,5.833333333333333,0.5652173913043486,0.3,6.4,-0.0806924328207969,15.7,2.2,3.7,1.1,5.25404167175293,1.5,-13.9,7.8,5.053571428571428,3.7,2.8,3.8,1.8375,-3.7,-0.0416666666666665
10,1990,8.7,3.1,10.723529411764703,3.683795213699341,-10.0,0.8,3.4454545454545453,-3.5,3.0,-1.3,10.56,4.0,5.6,1.5,1.3,4.3,9.803333333333333,1.1,3.5,5.9,-3.3,-2.3,3.1,11.2,9.0,9.1,4.6,3.648148148148149,8.8,-4.2,1.1,-9.1,-0.6,3.5,0.7,1.1,-6.2,0.2,1.6,1.4,1.8,5.1,3.2,3.7,3.9,4.3,7.4,-6.6,1.0,3.6,4.576329231262207,7.4,3.619230769230769,-1.1,1.5,0.8719269037246704,5.4,-5.5,5.0,-6.4,3.0,2.3,4.8,5.9,-0.4,4.1,2.5,3.2966666666666664,2.107991933822632,9.9,2.6,2.494110345840454,2.4,2.7,5.8,0.2,2.9,5.1,5.7,6.328124999999999,5.7,3.6,0.0,4.2,3.1,4.3,4.6,-3.0,-0.4,2.8,3.8,-3.5,1.2,5.5,9.0,13.6,9.695454545454544,7.7,6.6,2.0,4.9,4.9,-1.6,1.7951170206069946,4.1,-1.3,9.9,-0.361904761904762,-26.2,7.629999999999999,6.7,0.6,4.596428571428572,-13.4,5.2,3.742857142857143,3.7,4.806935787200928,5.3,7.890000000000001,3.1,2.8,5.7,9.0,-4.0,9.3,4.7,0.4999999999999991,8.021875,7.2,5.2,-0.7964285714285708,12.1,8.7,1.2853912115097046,-2.5,4.626249313354492,4.0,1.0,6.164,3.4125,3.888888888888888,4.6,4.2,0.0,-0.1,-1.3,3.3001697063446045,2.5,2.1,-1.1448275862068966,1.9,8.4,4.3,0.5,4.6,-0.6826086956521751,8.1,-3.1,4.1,-5.1,3.0,-7.2,7.9,3.8,-14.6,-5.6,-0.4359738826751709,0.4,5.5,9.9,4.8,-6.4,0.3081541061401367,15.2,-0.7,-1.0208333333333337,7.5,1.6,9.8,4.00095796585083,4.8189568519592285,2.2,1.6927485466003418,-0.3,-1.3,5.3,2.8599999999999994,8.4,3.8,6.2,3.9,4.138685703277588,0.8,-1.5,0.8,3.7,10.4,-2.2,5.5,9.27,7.0,11.6,2.0347826086956515,5.9,4.7,1.5,7.1,10.233333333333333,1.1652173913043482,9.3,6.5,-0.0806924328207969,23.6,0.6,1.9,0.3,5.4292988777160645,11.7,6.5,5.0,9.453571428571427,3.2,1.4,3.4,6.237499999999999,-0.6,-0.0416666666666665
11,1991,7.5,1.6,10.523529411764706,2.3,-28.0,-1.2,2.8454545454545457,12.1,2.2,10.5,10.36,8.0,4.9,-1.0,-1.0,3.4,9.603333333333332,-4.2,2.3,3.3,-3.9,-1.2,1.8,11.5,4.2,4.9,5.3,-1.651851851851852,6.2,1.0,3.1,-10.8,9.1,5.8,1.4,7.6,-3.8,-2.1,0.6,-0.8,2.2,5.1,10.4,7.8,9.0,2.4,-6.2,-8.4,3.4,2.3,4.381698131561279,0.7,3.019230769230769,0.0,1.4,-4.5,1.3,0.9,5.8,-10.2,5.1,2.1,1.5,6.1,-5.7,4.5,-1.2,-0.4033333333333334,2.107991933822632,1.8,-7.2,0.8716338872909546,1.0,1.4,-2.7,-5.9,1.1,6.1,2.2,-21.1,5.0,4.8,3.1,1.4,3.0,2.5,7.3,6.0,1.3,-3.3,5.7,-11.9,-0.2,1.1,8.9,12.7,9.495454545454546,1.6,4.6,1.4,0.8,3.4,-5.7,1.7951170206069946,1.3,0.1,10.8,-5.661904761904762,-41.0,7.43,4.0,3.8,3.296428571428572,38.2,4.8,0.0428571428571429,18.3,4.239948749542236,8.6,7.290000000000001,-6.3,1.2,8.7,9.5,6.9,7.7,5.9,0.6999999999999984,0.0,4.4,4.2,-0.5964285714285715,10.5,8.5,-17.5,-9.2,2.071462869644165,7.2,6.6,6.564,5.3,4.288888888888888,6.4,2.5,-1.3,-0.2,-0.4,-0.6,4.8,0.2,-6.444827586206896,3.1,6.0,3.7,5.0,5.1,-0.2826086956521747,9.4,9.6,3.5,2.2,-0.4,-7.0,3.4,2.3,-1.5,-12.9,-5.0,-4.3,2.3,0.4,2.2,-2.4,0.2626778781414032,15.0,2.6,-6.320833333333334,2.8,-8.0,6.7,3.2621638774871826,3.4917359352111816,6.0,1.6927485466003418,-1.0,3.9,2.4,-0.8400000000000005,7.3,2.5,10.8,0.2,0.5,7.0,-13.8,-1.1,-0.9,10.7,1.2,8.4,9.07,2.1,8.4,2.434782608695652,-0.6,5.9,3.1,4.1,10.033333333333331,1.5652173913043486,0.9,1.8,-0.0806924328207969,2.1,-1.7,-0.1,3.5,4.824976921081543,3.1,9.7,5.8,9.253571428571428,1.9,1.0,2.7,6.3,-0.7,-3.741666666666666
12,1992,6.6,2.2,6.923529411764706,0.1,-7.2,1.6,3.145454545454545,11.4,1.2,10.3,6.76,5.9,5.5,2.6,2.3,2.1,6.003333333333334,-3.8,7.1,5.0,-5.7,-9.6,1.5,12.0,3.0,2.1,1.6,-4.651851851851851,-0.2,-0.5,4.8,-8.4,0.2,1.0,3.0,7.1,-3.1,0.9,2.5,-4.9,7.3,5.1,2.4,11.2,14.3,4.4,7.4,-10.5,4.2,9.2,4.046346187591553,9.4,3.319230769230769,-0.3,2.0,0.6,2.0,11.2,5.7,-11.3,3.6,0.3,7.0,8.9,-8.7,2.5,33.0,-0.6033333333333334,2.107991933822632,3.2,-8.9,1.4,-1.9,1.0,6.1,-3.3,1.5,-3.1,1.8,-44.9,1.9,4.5,0.7,-0.8,4.6,3.3,3.1,7.8,-2.3,6.1,6.2,-3.1,-3.4,5.5,6.5,3.3,5.8954545454545455,3.6,7.2,0.7,2.8,0.8,16.9,1.7951170206069946,-1.1,1.3,6.2,-8.661904761904761,82.8,3.830000000000001,7.0,3.3,2.896428571428572,4.5,6.2,-0.157142857142857,-4.5,4.004007339477539,1.8,7.590000000000001,1.2,2.1,-7.3,8.9,6.5,-1.6,8.1,3.499999999999999,1.8,6.5,3.5,2.203571428571429,7.4,4.9,-29.7,-9.3,2.071462869644165,-2.1,-6.1,4.564,9.3,2.288888888888888,4.1,1.6,0.7,0.4,2.0,2.2,0.0,3.3,-9.444827586206896,3.6,8.5,4.0,10.6,7.6,-2.2826086956521747,8.2,13.8,1.7,-0.5,0.4,2.0,3.1,4.6,10.4,-8.8,-14.5,6.6,3.1,8.0,7.1,4.1,0.2086777240037918,4.0,1.2,-9.320833333333333,7.2,-9.6,6.6,4.085743427276611,3.050199031829834,12.7,3.6671433448791504,-2.1,3.0,5.5,-1.0400000000000005,6.7,0.9,-3.1,0.0,0.3,5.5,3.9,-0.9,-0.1,13.2,0.7,8.3,5.470000000000001,0.6,9.2,0.4347826086956519,-3.2,-3.8,10.1,8.0,6.433333333333334,-0.4347826086956514,6.0,5.9,-9.9,3.1,0.0,3.5,7.9,-11.1,2.6,6.1,8.7,5.6535714285714285,1.2,3.3,2.3,8.2,2.1,-3.9416666666666655
13,1993,7.9,1.3,2.2235294117647064,0.9,9.6,-2.1,3.3454545454545457,11.0,5.3,6.3,-14.1,7.3,5.2,3.9,4.1,0.5,-23.1,0.3,7.6,4.6,0.8,-7.6,-1.0,6.3,5.8,3.2,4.3,-0.3518518518518521,4.0,4.7,0.3,-11.6,3.5,-6.2,7.3,4.0,-3.2,2.7,0.0,-1.2,5.4,2.1,-2.1,6.6,13.9,5.7,2.5,-13.5,1.3,7.1,-8.0,0.7,3.519230769230769,-0.2,0.0,-6.8,2.2,7.4,5.2,-6.8,2.0,2.9,5.8,9.0,-4.4,3.0,10.5,12.9,2.107991933822632,3.1,13.4,-0.8,-1.8,-0.6,2.6,-0.7,-0.7,3.9,3.8,-29.3,-1.0,4.8,-1.6,-2.0,3.4,5.0,2.3,8.2,-4.9,6.5,6.2,-0.6,1.3,4.8,8.0,-1.5,1.195454545454545,2.3,3.8,-0.8,2.2,-0.5,4.4,-9.2,-0.1,1.0,6.9,-4.361904761904762,35.1,-13.0,5.9,4.0,-11.4,7.0,3.8,1.442857142857143,-5.5,2.5014119148254395,4.2,7.790000000000001,2.1,1.1,9.7,9.9,5.4,3.6,3.9,3.5999999999999988,5.9,5.1,2.7,2.303571428571429,1.6,0.2,-1.2,-3.2,2.071462869644165,-0.7,10.6,5.064,-1.6,2.788888888888888,3.8,1.3,5.2,-0.4,0.3,1.6,-0.3,2.8,-7.5,2.8,6.1,4.2,9.1,2.1,-1.7826086956521747,5.5,13.3,4.9,5.2,2.2,4.3,-0.7,4.6,-0.9,1.5,-8.7,-10.4,5.4,0.6,3.6,1.7,0.3081541061401367,-1.4,1.3,-5.020833333333334,7.3,0.1,11.5,4.00095796585083,2.8,4.0,1.8729963302612305,1.2,4.5,4.3,0.5599999999999996,7.8,-1.3,7.5,1.6,1.7,2.8,-2.2,-1.8,-0.1,7.4,1.1,6.8,-11.1,1.2,8.7,0.934782608695652,-16.3,-0.1,-0.7,2.5,-10.0,0.0652173913043485,8.0,6.7,-14.2,0.0,2.1,2.8,2.7,-2.3,0.7,0.3,8.1,0.9535714285714284,-0.2,3.1,2.0,4.0,-0.1,-2.3416666666666663
14,1994,7.7,3.3,3.423529411764706,2.5,9.4,-0.9,5.345454545454546,10.5,6.7,5.8,5.4,8.2,5.5,4.8,4.9,2.4,-19.7,3.1,3.2,4.1,2.0,-11.7,3.2,0.2,2.0,2.2,4.7,-4.351851851851852,-0.8,5.3,3.1,-3.7,1.3,-3.8,6.9,8.2,-2.5,4.5,-0.5,12.6,3.4,-7.4,5.5,5.0,13.0,5.1,-4.0,-6.1,-1.4,4.5,5.9,5.9,5.519230769230769,0.2,5.3,-1.4,0.0,2.6,6.2,-8.3,4.3,4.2,4.7,9.3,-8.4,3.1,16.8,20.9,-1.6,2.4,3.5,2.5,0.2,2.7,5.1,4.0,2.4,3.7,-3.4,-10.4,2.4,3.5,2.0,1.8,3.5,4.0,3.0,8.5,-11.6,0.2,6.0,2.9,3.6,6.7,7.5,-1.7,2.395454545454545,5.9,7.0,2.1,1.9,0.9,5.0,-12.6,2.5,1.8,9.3,-8.361904761904762,8.6,-19.8,8.2,4.7,2.2,8.0,4.5,1.642857142857143,3.2,3.186729669570923,3.8,9.79,0.0,3.0,-10.3,9.2,7.5,3.8,4.6,3.9,-3.1,4.1,4.9,2.603571428571429,1.9,1.4,-30.9,2.1,2.071462869644165,10.6,6.5,5.164,3.0,2.888888888888888,8.2,3.0,5.6,5.0,1.9,0.3,3.4,4.2,-1.8,5.1,3.8,6.2,8.6,4.4,-1.6826086956521746,2.8,10.5,5.3,12.3,4.4,5.2,1.5,4.2,1.9,3.9,-12.7,-41.9,5.4,1.6,-1.2,6.4,3.109515190124512,0.6,-0.2,-9.020833333333334,-2.4,3.5,11.1,6.2,5.3,8.1,1.8729963302612305,3.2,4.9,6.2,0.7599999999999996,7.7,2.3,8.0,1.8,1.9,3.5,-7.0,3.9,1.3,5.5,2.2,7.5,-21.4,1.6,8.0,1.034782608695652,13.9,2.0,3.6,3.6,-17.3,0.1652173913043486,-5.5,7.7,-22.9,7.4,3.5,4.0,7.3,-5.2,9.1,-2.3,8.8,2.1535714285714285,2.7,4.3,3.2,6.7,-13.3,-2.1416666666666666
15,1995,7.9,2.9,3.723529411764706,2.6,8.9,3.8,4.445454545454545,10.4,-4.4,-2.8,8.0,2.5,6.4,3.0,3.2,2.7,-13.0,4.4,1.9,4.9,2.0,-11.1,2.4,0.6,6.0,6.0,4.7,20.7,8.5,4.4,4.5,-1.6,5.7,-7.9,7.5,6.0,3.3,2.7,5.0,3.2,4.7,3.6,-0.8,8.9,11.0,5.2,5.6,2.8,4.0,4.2,6.6,9.9,4.619230769230769,5.6,3.0,-3.5,3.0,5.7,6.4,-1.6,2.3,4.5,4.7,8.9,-0.3,4.0,26.5,2.3,2.2,4.8,6.1,2.9,1.6,2.8,2.6,4.2,2.3,5.0,3.3,2.6,1.5,4.2,2.1,2.2,4.4,4.7,4.0,5.1,9.9,6.2,2.4,2.5,0.1,7.6,8.2,2.4,2.6954545454545453,9.6,9.7,2.7,2.5,2.6,6.0,-8.2,4.3,-0.1,9.6,-0.261904761904762,1.7,-5.4,7.0,1.3,-2.1,6.5,2.8,3.742857142857143,-15.4,2.5714120864868164,1.4,8.89,1.7,2.5,13.8,9.8,7.4,3.0,6.9,3.499999999999999,9.8,4.3,-6.3,2.203571428571429,2.7,1.7,-1.4,6.4,5.140715599060059,-5.4,2.3,6.064,4.1,3.788888888888888,3.5,2.8,4.9,5.9,2.5,1.9,0.3,1.8,-1.1,4.2,4.8,5.3,-0.6,5.1,-0.7826086956521747,1.8,-3.4,6.8,7.4,4.6,6.7,2.3,4.5,0.4,7.1,-4.1,24.5,3.5,1.7,6.8,6.6,0.2626778781414032,0.2,6.1,-0.9208333333333334,0.5,-10.0,7.2,7.9,4.1,10.1,1.8729963302612305,3.1,3.7,6.9,2.8599999999999994,8.0,4.1,6.1,3.9,4.2,8.9,11.3,3.9,0.6,5.4,2.0,6.5,-12.5,3.6,8.1,1.934782608695652,19.7,7.9,3.8,2.7,-7.2,1.0652173913043486,7.2,9.2,-12.2,6.6,2.1,2.7,-1.4,-0.9,1.0,4.0,9.5,7.1,2.5,2.3,3.3,5.7,2.9,-0.0416666666666665
16,1996,7.4,3.0,6.523529411764706,5.0,9.1,3.8,4.045454545454546,11.2,6.6,5.5,5.2,1.3,6.5,4.0,4.0,2.4,2.5,4.2,3.2,4.6,4.0,2.8,1.3,1.1,4.3,6.0,4.4,62.2,2.5,2.2,2.9,-8.0,11.0,-8.0,6.7,5.9,4.9,1.6,4.2,-6.2,3.8,5.5,2.1,5.0,9.9,2.1,-0.5,-1.9,3.5,1.4,5.9,1.2,4.5,8.1,2.9,-3.7,3.1,6.0,6.2,-0.6,1.7,4.9,0.8,8.4,0.3,5.1,52.7,9.1,4.9,3.8,13.5,1.6,1.2,2.0,4.8,3.7,1.4,3.6,2.9,10.5,0.8,4.8,2.9,4.4,2.8,4.5,3.7,8.0,4.1,1.9,4.3,0.1,4.6,7.5,7.8,6.4,5.495454545454545,9.1,5.9,1.3,0.2,3.1,1.9,0.5,4.5,1.1,7.9,0.3380952380952379,0.6,7.1,6.9,3.8,2.6,4.0,4.9,4.642857142857142,1.8,5.2,1.5,8.490000000000002,2.2,2.7,10.0,10.0,9.1,7.3,4.0,2.999999999999999,5.8,5.6,6.8,-3.1,4.2,4.5,-5.9,2.2,5.140715599060059,12.4,11.2,7.164,3.2,4.888888888888888,5.3,3.5,4.1,6.3,0.1,4.1,5.2,3.9,1.2,5.0,2.9,4.9,5.7,6.6,0.3173913043478249,7.4,6.6,1.6,2.8,5.9,6.2,3.5,2.3,4.2,3.9,-3.6,11.6,5.9,2.9,1.1,7.3,1.5448238849639893,2.6,1.9,-0.3208333333333334,10.0,-24.8,7.5,6.9,3.6,1.6,1.6927485466003418,4.3,2.6,7.3,3.7599999999999993,7.5,2.4,12.2,4.8,4.8,5.5,11.2,1.6,0.5,3.0,1.5,6.2,-4.4,4.5,5.7,3.0347826086956515,-3.9,0.1,7.1,6.9,-6.7,2.165217391304348,7.0,6.6,-10.0,5.3,1.9,3.8,5.6,1.7,2.3,-0.2,9.3,1.2,1.7,3.6,3.9,4.6,6.2,0.8583333333333334
17,1997,3.8,3.5,5.023529411764706,3.2,-10.9,1.1,3.8454545454545457,7.3,5.5,8.1,3.4,7.0,4.7,4.6,4.3,2.1,8.9,4.9,2.3,4.5,4.7,11.4,3.8,3.6,5.7,5.5,5.0,22.9,7.1,3.4,-1.5,-14.1,6.3,0.4,7.6,4.0,5.3,4.3,3.6,4.1,5.6,6.5,5.7,7.4,9.2,3.4,4.4,-7.8,-1.0,5.5,6.6,2.6,-0.5,5.7,3.3,-1.2,2.2,8.9,5.0,1.6,4.3,5.9,3.1,6.1,2.7,4.7,148.0,7.9,13.0,3.1,2.8,2.6,2.7,2.6,-2.4,6.3,2.3,5.7,1.4,10.5,1.8,5.8,4.5,4.9,4.1,5.2,6.0,6.2,2.7,4.6,5.1,3.1,5.8,4.0,4.7,1.4,3.995454545454545,10.7,3.8,1.8,-1.6,1.0,3.7,1.7,0.4,2.0,6.2,2.738095238095238,2.5,9.9,6.9,5.3,8.8,10.2,3.5,3.342857142857143,-2.6,8.3,5.9,8.290000000000001,3.7,3.2,6.6,7.3,10.4,4.8,4.8,0.6999999999999984,-4.0,5.7,6.8,-6.1,3.2,3.0,1.6,3.9,5.140715599060059,-1.6,11.3,6.763999999999999,4.2,4.488888888888888,5.3,4.3,2.5,4.0,1.5,2.9,2.6,4.7,1.4,5.3,6.2,4.7,-4.4,1.7,-0.0826086956521745,6.5,-6.3,4.2,6.5,5.2,7.1,4.4,4.9,27.7,-6.1,1.4,14.9,7.3,-0.7,3.7,0.8,2.3973934650421143,1.1,2.7,2.0791666666666666,12.2,-17.6,8.3,4.4,5.0,-0.9,3.8870060443878174,2.6,4.8,4.0,2.4599999999999995,4.1,3.9,10.3,3.5,3.6,6.1,7.0,3.1,2.2,-1.1,1.0,6.1,1.7,3.5,-2.8,2.634782608695652,3.8,-0.6,7.5,5.7,-11.3,1.7652173913043487,7.5,4.6,-3.0,8.6,4.5,4.4,5.0,5.2,4.9,6.4,8.2,14.7,3.0,4.7,4.0,5.2,3.8,-0.4416666666666664
18,1998,-8.8,2.8,5.623529411764706,4.0,8.8,5.1,0.1454545454545456,4.7,4.7,3.9,6.3,2.0,1.4,4.6,4.1,3.6,6.0,4.7,4.8,5.2,3.7,8.4,2.0,3.9,4.0,6.0,5.0,13.8,-1.6,0.3,-0.6,3.8,7.3,4.8,8.4,4.7,4.9,3.9,3.1,3.3,5.4,2.8,7.0,4.2,7.9,0.6,0.0,-3.9,8.9,7.2,1.9,6.1,-0.4,4.9,2.2,0.1,3.8,6.7,2.3,-1.3,3.3,7.5,2.7,2.8,-0.8,2.3,24.8,2.0,4.3,2.6,-4.2,3.0,2.1,3.0,1.3,5.5,3.6,3.5,6.5,3.1,2.0,5.0,3.9,11.8,4.6,3.6,-22.4,-1.7,2.2,3.6,-5.9,3.9,7.4,6.2,-13.1,2.1,4.595454545454546,8.8,4.1,1.8,-1.2,-1.3,3.2,-1.9,3.0,6.9,-5.1,-0.7619047619047621,3.7,2.1,4.3,2.5,6.3,3.9,1.4,2.242857142857143,-0.7,7.5,6.5,4.590000000000001,3.9,2.9,1.1,-7.4,9.8,2.9,3.4,-0.7,2.8,6.1,5.2,2.7,2.9,3.6,-6.5,3.3,5.140715599060059,7.2,9.9,4.363999999999999,3.3,2.088888888888888,2.9,4.7,0.4,3.7,10.0,2.5,5.7,4.5,3.4,2.7,2.7,1.0,3.4,3.5,-2.482608695652175,7.3,4.7,0.1,-0.4,-0.5,5.0,4.8,6.5,10.3,-4.8,-5.3,8.3,1.0,6.3,4.5,1.1,7.5,2.9,6.0,2.4,2.5,-0.8,-2.2,4.1,3.3,1.3,2.813642263412476,0.5,1.2,5.4,1.3599999999999994,-7.5,4.5,-1.6,2.4,2.8,8.2,2.2,4.3,2.9,5.6,2.5,4.2,5.3,3.7,-7.6,0.2347826086956517,-2.3,2.3,8.1,5.0,6.7,-0.6347826086956516,3.1,6.1,-1.9,0.8,3.2,4.5,4.5,4.3,1.2,0.3,5.8,14.3,3.1,3.9,2.6,6.0,-0.4,-1.5416666666666663
19,1999,3.0,3.6,4.3235294117647065,3.1,12.9,3.2,4.6454545454545455,2.2,3.7,-3.4,3.2,1.4,4.5,4.4,4.4,3.6,11.4,7.1,6.0,4.7,0.3,3.4,3.5,9.0,4.4,7.1,0.4,10.7,8.0,0.5,3.1,-8.4,7.3,1.2,11.9,12.7,4.1,5.2,3.8,2.9,4.1,-1.0,-0.7,-0.3,7.7,-4.2,2.7,-3.8,-3.7,4.2,-0.9,5.0,1.4,1.6,2.9,2.9,0.4,5.9,4.5,3.7,-4.7,6.1,2.2,6.5,2.6,3.5,26.4,0.2,-0.4,3.0,6.3,2.9,3.1,2.9,8.7,4.4,3.3,-8.9,6.4,2.9,1.9,4.5,3.1,7.0,3.7,3.8,16.8,3.0,2.7,-0.7,2.5,3.1,4.0,8.5,0.8,2.0,24.8,10.5,3.3,1.6,1.0,-0.3,3.2,2.7,2.2,-1.8,11.5,2.638095238095238,-1.8,3.7,4.0,0.2,2.8,-0.8,1.6,2.242857142857143,-0.2,-1.1,8.4,9.09,4.7,3.2,3.5,6.1,7.2,6.2,3.8,-1.1,3.7,2.6,2.8,1.5,1.1,2.3,-3.4,3.1,5.140715599060059,1.1,11.7,8.4,3.4,3.288888888888888,4.5,5.0,4.5,7.0,-0.2,0.5,4.0,4.6,4.3,2.1,0.3,5.5,3.7,4.2,-1.2826086956521747,3.9,1.9,-1.4,1.5,3.3,4.5,3.9,4.4,3.8,-1.2,6.4,3.3,3.9,2.7,2.1,-0.6,9.0,-3.8,6.0,-12.1,1.9,-8.1,5.7,-0.1,5.3,-0.5,2.913641929626465,2.4,-1.3,7.4,1.3599999999999994,3.3,4.7,2.9,2.4,2.5,4.2,-0.9,4.2,1.6,-3.1,2.5,6.7,3.7,4.8,4.6,1.434782608695652,2.5,2.3,8.0,6.0,16.5,0.5652173913043486,-3.3,8.0,-0.2,3.8,3.0,4.8,-1.9,4.3,0.3,-6.0,4.8,8.3,3.0,3.5,3.5,3.8,4.7,-1.1
20,2000,5.6,4.1,7.523529411764706,4.3,6.9,3.8,5.045454545454546,3.1,6.2,-0.8,5.9,7.7,5.6,3.1,3.2,3.4,6.2,4.1,7.0,5.3,4.5,5.8,3.7,13.0,5.9,6.9,2.5,4.4,4.3,4.4,2.9,4.6,1.9,1.8,7.3,9.6,3.4,5.2,3.2,-3.6,3.6,7.2,-0.9,5.0,8.5,2.9,-1.0,-8.1,11.8,3.9,3.7,6.0,4.0,-2.1,3.7,0.7,2.3,4.7,6.1,7.2,1.1,5.4,1.1,6.5,7.5,5.7,110.5,-12.4,10.1,1.8,9.8,3.8,4.6,3.9,-1.7,5.8,4.1,-1.9,5.5,1.8,2.9,3.6,3.9,5.1,2.5,2.5,1.1,-1.3,0.9,7.3,7.7,4.5,5.0,4.0,5.0,5.8,-4.3,9.4,8.7,3.8,0.8,2.8,4.2,9.8,0.3,6.0,9.1,7.538095238095238,4.7,5.4,6.4,3.7,5.7,1.1,4.9,3.842857142857143,4.0,3.7,8.4,9.490000000000002,4.5,3.8,0.8,8.7,4.8,-0.1,-1.0,1.5,-3.9,8.2,4.9,4.9,6.1,5.5,2.1,1.1,3.409317970275879,1.9,1.2,12.4,3.5,5.488888888888888,6.1,4.2,4.2,4.1,-1.2,5.5,4.3,4.2,4.5,3.3,6.2,5.9,-2.1,3.9,0.9173913043478256,2.7,-2.5,-2.3,2.7,4.4,4.3,3.8,3.3,6.9,2.9,10.0,8.4,9.7,0.0,1.8,5.1,2.2,5.6,3.9,7.8,4.3,3.8,9.0,1.2,3.7,-14.3,2.212998867034912,4.2,3.2,4.2,2.9599999999999995,5.8,5.1,8.4,4.0,4.2,8.4,-0.1,4.8,4.1,2.3,0.4,6.3,8.3,4.9,4.5,3.634782608695652,-1.0,3.8,6.9,4.3,18.6,2.7652173913043487,6.9,3.9,5.9,12.3,4.1,4.1,-1.9,3.8,5.9,3.7,6.8,-8.6,3.9,4.0,4.8,6.2,3.9,-4.2
21,2001,2.7,1.5,4.523529411764706,4.5,8.3,3.0,8.1,4.2,-4.5,-4.4,9.5,4.2,3.7,2.7,2.6,1.3,6.5,2.6,2.5,5.1,-2.4,4.7,1.1,5.0,5.3,7.0,1.7,2.4,2.3,1.4,2.7,3.8,6.6,1.7,6.1,8.6,3.4,1.8,1.7,2.6,2.2,-0.9,11.7,3.2,8.3,1.7,5.4,-2.1,-4.8,3.5,3.1,4.0,3.0,0.1,0.8,1.8,-0.1,2.5,4.2,4.5,4.0,3.5,0.9,6.0,2.7,3.6,60.0,8.8,6.0,1.1,7.4,2.2,2.7,2.3,1.9,2.6,1.9,2.1,5.8,4.8,1.7,3.8,4.1,-2.0,2.4,3.7,4.8,2.3,-0.3,2.7,0.6,4.1,4.0,4.9,3.6,2.4,-6.6,5.3,0.3,2.0,1.3,0.4,5.0,13.5,4.0,-1.4,4.9,4.6,0.2,5.3,4.8,0.6,6.3,3.9,3.3,2.8,2.6,6.5,3.1,5.790000000000001,6.0,1.2,-4.1,0.5,3.5,15.4,-1.2,6.7,-0.8,3.2,-0.4,2.1,0.8,2.5,6.1,4.6,1.1,7.3,12.1,12.5,2.4,3.388888888888888,5.6,2.3,2.5,3.0,7.3,6.7,3.8,0.9,-3.1,2.1,4.6,2.2,0.4,2.0,6.5,0.6,-0.1,-0.8,0.6,3.0,1.2,1.9,9.5,4.5,5.1,5.1,8.5,5.3,-3.4,1.6,7.4,5.5,-1.2,4.3,5.0,-2.3,18.2,-1.1,3.3,3.2,-8.0,2.212998867034912,2.7,0.9,4.3,3.559999999999999,3.3,3.9,-1.9,4.6,5.0,10.9,4.9,1.4,1.6,3.7,2.4,-1.4,10.2,6.0,3.4,16.3,0.8,1.5,3.7,3.8,20.4,0.7,-5.8,8.8,8.8,1.3,2.2,1.0,-3.8,4.2,-3.4,3.4,6.9,-9.3,2.1,1.0,2.5,3.8,5.3,-0.5
22,2002,4.8,1.6,5.123529411764706,4.9,4.5,5.6,4.5,13.7,1.0,-10.9,14.8,-0.9,5.0,4.2,4.2,1.7,9.4,2.7,3.3,3.8,0.8,5.0,1.7,5.1,4.6,9.5,2.5,5.1,7.4,3.1,3.9,5.9,4.4,2.4,5.3,6.6,4.8,3.0,2.8,2.1,3.4,7.1,8.5,3.2,9.1,2.5,4.6,2.9,1.0,3.4,5.8,3.7,1.6,-1.7,0.5,3.2,-2.8,4.5,5.3,4.3,4.1,3.2,1.6,6.6,4.8,4.4,19.6,3.0,6.8,4.4,1.6,0.9,1.8,1.3,3.2,1.7,1.2,0.2,-3.2,5.5,-0.2,4.6,3.9,3.4,4.2,5.2,3.7,1.1,1.1,3.8,1.7,4.7,0.6,3.9,4.5,8.1,-7.8,5.9,-0.1,0.3,0.7,0.0,6.6,9.8,0.5,4.0,7.7,-0.4,3.0,0.0,6.8,0.4,7.1,3.4,1.6,4.4,-3.7,6.8,3.2,8.9,-12.4,1.1,1.8,5.4,6.1,3.1,2.6,3.7,1.4,1.6,0.0,0.6,2.3,3.1,7.8,5.3,1.9,3.1,9.3,9.9,6.7,4.188888888888888,0.1,0.2,4.7,0.8,4.9,14.6,3.0,1.6,1.5,1.4,-0.8,3.9,1.0,3.1,5.1,2.2,-0.2,0.0,5.5,3.7,1.4,0.8,2.2,6.9,5.7,4.7,13.2,1.4,0.4,4.9,5.7,0.3,-2.8,0.1,7.1,1.2,26.4,3.9,4.5,3.5,-2.8,1.8729963302612305,3.7,0.3,3.8,5.26,5.1,2.7,3.7,6.3,6.2,5.9,3.7,2.2,-0.1,5.9,2.4,5.5,9.1,7.2,6.1,-6.7,3.8,4.5,7.2,1.3,15.8,8.3,6.4,7.1,5.3,2.5,1.8,1.7,-7.7,4.0,-5.2,-8.9,7.1,-12.5,1.1,1.4,2.9,3.9,4.5,-7.7
23,2003,5.5,2.0,8.7,5.5,5.5,7.2,8.7,3.0,6.1,9.0,14.1,1.1,6.1,3.0,3.2,0.9,10.2,-1.3,6.3,4.7,2.2,7.0,1.0,9.3,3.4,9.3,2.7,3.9,5.4,1.1,2.9,5.2,7.8,2.5,7.5,8.5,5.0,1.8,5.8,-2.2,2.1,6.9,14.7,4.7,10.0,3.9,2.0,6.6,0.5,4.3,5.6,2.6,3.6,-1.4,0.4,3.2,6.4,-1.3,5.9,6.1,2.7,3.2,1.6,8.3,6.2,6.9,14.5,-2.7,7.6,3.9,-2.1,0.7,2.3,1.1,0.8,2.0,0.8,1.7,6.9,11.1,-0.7,5.1,5.8,9.5,2.6,1.2,-0.3,-0.7,3.5,4.5,3.1,4.1,2.1,7.9,4.8,8.6,81.8,3.0,1.4,0.1,3.7,1.5,4.0,9.3,2.9,2.0,3.1,2.6,17.3,7.0,6.2,2.0,8.4,1.7,4.1,-29.0,16.1,10.6,2.6,11.6,9.8,1.9,5.7,5.8,25.4,9.1,4.1,-1.6,6.9,6.0,1.4,1.6,12.4,10.2,6.6,7.4,2.5,6.0,6.9,13.2,3.5,6.688888888888888,3.9,0.2,4.4,2.5,2.2,9.5,6.3,2.6,2.2,0.9,-2.2,2.8,6.1,4.7,-3.4,4.2,9.0,4.3,4.2,5.1,3.5,-0.9,2.3,4.0,2.3,7.3,2.2,-3.9,4.3,6.1,5.2,3.9,11.2,5.6,4.4,-5.9,9.3,4.5,5.5,3.0,6.5,1.6927485466003418,2.9,2.1,7.2,3.7599999999999993,5.8,3.0,5.9,4.8,4.9,6.3,6.2,2.3,-0.1,-2.0,6.6,4.2,10.2,6.9,7.2,-2.2,6.7,0.1,13.9,4.7,17.1,-4.4,5.8,6.2,9.5,8.8,3.1,2.8,0.8,4.2,4.3,-7.8,7.3,14.0,1.1,2.5,4.3,3.7,6.9,-16.2
24,2004,6.1,3.3,0.7,5.9,5.5,4.3,8.1,11.0,5.8,8.9,10.5,7.3,6.9,4.1,4.2,2.7,9.3,0.9,7.0,5.2,1.4,11.4,3.6,4.6,4.4,6.9,4.2,6.3,1.4,5.8,0.5,6.5,4.5,3.8,4.9,10.3,6.6,3.1,3.2,-0.1,3.8,9.5,33.6,6.7,10.1,5.3,3.1,7.7,-0.2,4.4,4.2,5.0,4.8,1.2,2.7,2.8,3.1,2.6,6.8,7.2,8.2,4.1,0.9,8.4,7.9,7.9,30.4,1.5,6.8,3.6,11.7,2.3,3.5,2.8,5.4,4.0,2.6,1.1,7.0,5.8,1.2,5.4,5.1,-0.6,3.0,2.3,1.2,1.6,-1.3,6.2,8.7,5.0,7.8,7.8,5.0,4.3,53.4,6.8,4.8,1.4,1.3,2.2,8.3,9.6,4.6,-1.6,5.2,0.6,10.8,7.0,7.2,6.1,8.3,7.5,2.4,4.0,5.8,6.6,4.2,26.6,5.3,2.9,5.4,6.8,6.0,1.6,0.1,-0.3,4.7,4.3,3.9,-3.1,10.5,8.8,7.4,9.4,4.4,4.8,7.9,15.3,6.6,7.688888888888888,4.7,2.0,4.8,5.3,0.4,10.4,4.6,3.8,4.7,4.0,2.0,5.3,2.3,7.5,4.1,7.5,0.6,4.1,5.0,6.6,5.0,1.8,2.0,19.2,10.3,7.2,7.4,4.0,7.3,3.7,3.1,4.6,8.0,4.6,9.0,-2.9,6.6,9.9,5.3,4.4,6.7,1.6927485466003418,4.6,7.3,7.5,5.859999999999999,6.5,3.1,5.4,6.9,6.7,5.1,7.3,4.3,2.6,6.9,3.8,7.0,10.6,7.8,6.3,0.4,-1.0,-1.9,7.3,6.2,14.7,-1.9,9.8,5.8,11.8,9.6,2.3,3.9,5.0,7.4,4.0,18.3,7.8,21.9,2.3,4.5,5.4,4.0,7.0,-6.3
25,2005,5.3,2.8,11.8,5.9,5.5,5.9,5.4,15.0,6.5,8.9,14.1,-0.4,7.3,3.0,3.0,2.2,28.0,3.4,6.8,6.5,4.0,9.5,2.3,2.4,1.7,6.7,4.4,4.2,5.0,3.2,0.4,7.1,8.7,4.4,5.8,13.3,1.2,3.2,3.4,2.9,5.6,9.8,8.3,5.8,11.4,4.4,5.7,9.8,9.2,4.0,4.3,4.9,6.6,1.7,2.3,3.1,0.7,9.4,7.3,5.7,5.3,4.5,2.7,9.3,6.3,7.1,8.2,2.6,9.5,6.0,12.6,1.7,2.9,2.1,-1.3,2.8,1.7,-0.8,-2.4,9.6,0.7,6.2,0.6,13.3,3.1,3.0,6.6,-1.9,3.1,6.1,7.4,4.3,6.1,9.3,5.7,3.2,1.7,5.7,4.1,0.8,0.9,1.8,8.8,9.7,5.7,5.0,4.3,4.5,10.1,-0.2,6.9,4.4,10.7,0.7,3.1,5.9,10.6,7.7,2.5,8.1,4.8,2.5,3.3,5.0,-13.1,6.5,3.4,2.3,8.6,1.5,2.3,2.1,4.7,5.9,7.5,6.5,4.2,3.3,6.6,13.6,4.7,-8.0,3.5,2.0,3.2,4.3,7.3,7.0,5.4,3.3,4.7,2.7,2.8,4.2,2.7,9.0,3.7,7.2,4.3,2.1,6.3,4.9,3.5,0.8,-2.0,7.8,4.7,6.4,9.4,9.7,-0.4,2.3,6.6,2.4,5.6,4.3,10.2,9.0,4.5,7.4,6.6,3.8,5.5,1.8729963302612305,5.3,5.1,8.9,5.26,5.7,3.7,6.2,6.3,6.2,5.6,4.9,2.9,2.8,6.2,7.1,5.4,6.7,7.4,4.2,3.0,-4.7,-0.4,5.9,3.5,13.0,-3.7,9.0,10.0,3.1,4.9,2.7,3.5,7.5,7.0,5.3,10.3,7.5,11.3,1.9,3.7,4.9,5.6,7.2,-7.4
26,2006,5.7,3.0,5.4,5.5,5.9,1.7,4.8,11.5,12.7,8.0,13.2,1.1,7.7,2.6,2.6,3.5,34.5,2.5,6.5,6.7,5.7,10.0,2.6,4.4,3.9,7.1,4.8,5.7,6.0,4.0,4.4,6.8,6.3,5.4,9.1,10.8,3.5,2.6,6.5,4.8,7.0,9.0,0.6,6.0,12.7,6.7,-1.8,5.1,8.0,7.3,4.9,4.7,6.8,1.5,3.9,4.8,4.7,9.2,8.1,7.5,4.4,6.8,4.3,10.1,7.4,7.9,6.5,-1.0,9.8,6.0,11.5,3.2,4.3,3.7,1.9,4.0,2.6,-1.9,-0.6,9.4,3.8,5.8,5.7,-4.0,5.6,2.5,2.7,5.1,1.8,6.6,7.0,3.9,6.3,9.3,5.5,5.0,5.6,5.0,5.6,1.8,2.9,1.4,8.5,10.7,5.9,0.0,5.3,3.6,7.5,3.1,9.0,5.4,12.0,1.5,4.4,8.5,0.3,7.4,6.0,13.4,5.4,2.5,4.7,5.6,26.1,4.7,2.5,-0.2,18.3,4.5,4.5,-0.1,5.8,6.2,4.8,8.2,8.6,7.6,9.7,13.3,3.9,-8.3,3.4,3.5,2.8,3.8,5.9,6.7,4.6,2.9,5.1,2.5,4.7,4.8,2.4,5.8,0.0,8.5,2.5,4.8,7.5,5.3,6.1,1.6,-1.4,28.1,8.0,8.2,9.2,3.2,6.2,6.5,2.1,3.8,2.8,2.3,5.1,9.4,4.2,9.0,8.5,5.7,4.9,2.813642263412476,5.6,5.7,8.5,4.959999999999999,6.0,4.1,7.7,6.0,6.1,6.5,5.8,4.7,4.2,5.0,9.1,5.8,7.0,4.7,5.0,-4.1,2.7,-2.2,14.2,5.2,11.0,1.3,6.9,7.0,7.6,9.8,2.2,2.8,4.1,7.5,8.5,9.9,7.0,-1.0,3.1,3.5,5.4,3.2,7.9,-3.6
27,2007,6.4,2.7,13.3,6.1,6.0,3.4,1.6,14.0,9.3,9.0,13.7,3.1,8.6,4.4,4.3,3.7,25.5,1.4,8.3,7.1,2.2,8.6,3.7,3.3,6.0,12.9,4.6,6.0,5.8,6.1,0.2,6.7,4.1,3.5,9.2,10.2,4.1,2.1,3.7,4.0,7.0,7.6,3.3,5.2,14.2,6.7,0.8,8.5,-6.6,8.2,5.0,5.1,5.6,1.8,0.9,5.0,6.4,7.4,9.4,7.7,2.2,7.1,1.9,11.2,7.2,8.4,15.3,1.4,7.6,4.4,11.8,3.0,4.2,3.4,-0.9,5.3,2.4,6.3,3.0,12.6,3.0,4.1,3.3,6.1,6.0,6.5,2.6,7.0,4.7,6.2,6.5,0.3,8.5,9.8,6.3,8.2,1.9,5.3,6.0,1.5,1.4,1.5,8.4,8.9,6.9,2.0,5.8,8.3,6.0,8.5,7.9,5.6,9.9,9.3,5.0,13.1,6.2,11.1,8.1,14.5,5.7,2.1,9.6,6.3,7.7,3.5,4.8,3.4,-2.0,5.7,2.3,-1.9,5.2,5.9,3.0,8.8,6.8,3.5,7.7,12.5,3.6,-6.8,3.4,3.8,3.5,5.1,3.1,7.3,5.5,2.0,6.5,2.9,5.0,5.2,4.8,5.5,0.9,12.1,7.8,5.4,8.5,6.5,7.1,2.5,-1.2,18.2,7.2,8.5,7.7,0.6,1.9,3.1,0.5,7.1,1.8,2.8,6.4,10.4,8.1,9.0,10.8,7.0,4.4,2.2952497005462646,5.4,6.8,8.9,5.559999999999999,6.6,3.6,6.8,6.6,6.5,5.7,5.1,3.4,3.9,5.7,3.3,6.9,7.8,8.5,5.4,10.3,-1.2,-2.5,4.3,6.7,11.1,6.9,5.0,8.1,8.2,3.2,2.6,2.0,6.5,9.5,2.9,8.8,7.1,3.8,2.8,3.1,5.6,3.3,8.4,-3.4
28,2008,5.1,0.3,3.9,5.2,7.5,2.4,-5.6,11.2,0.0,4.1,6.9,1.8,5.0,2.5,2.2,1.5,10.6,-2.3,6.2,6.0,0.7,10.2,0.4,-1.5,4.9,11.0,6.1,5.6,3.3,5.1,-1.9,6.1,5.8,4.9,6.7,6.7,2.9,1.0,1.8,2.6,4.4,3.0,3.1,3.8,9.6,3.3,4.0,7.4,6.3,4.7,2.0,3.6,2.7,2.5,-0.5,5.8,7.1,3.2,5.6,4.8,6.4,7.2,2.1,7.3,4.3,5.7,17.8,-19.4,-5.1,0.8,11.2,0.4,1.6,0.9,1.0,0.8,0.2,1.7,6.3,2.4,1.0,9.0,-0.3,0.9,3.7,4.1,4.5,2.0,2.7,4.2,2.1,1.0,2.2,3.9,7.4,0.3,8.2,-4.5,3.3,-1.0,-0.8,-1.2,7.4,3.3,0.2,-2.1,3.0,1.8,2.5,7.6,7.8,4.0,-3.2,9.1,3.8,6.1,-0.2,2.6,-0.3,3.4,6.7,0.0,7.6,4.8,9.5,4.8,3.8,-6.4,-0.3,5.4,1.1,-2.2,4.6,4.9,7.8,7.8,7.2,5.9,7.3,7.6,2.6,63.3,6.1,2.2,-0.3,3.4,7.7,7.2,4.7,0.3,5.5,0.5,9.0,1.8,0.6,5.0,-5.3,9.9,-0.3,6.5,9.1,4.3,4.2,0.3,-1.8,17.5,9.4,5.2,11.2,11.2,4.9,0.4,3.6,-0.4,6.2,3.7,5.7,-2.1,5.4,1.9,5.6,3.5,5.8,1.6927485466003418,3.2,5.0,4.2,4.66,5.2,0.9,6.0,5.7,5.5,3.8,4.1,-0.5,2.7,4.5,8.2,0.8,7.9,5.6,1.7,11.4,4.1,4.8,3.3,4.2,14.7,6.6,0.8,10.4,2.2,3.2,-0.2,0.1,7.2,9.0,5.6,5.3,5.7,7.4,0.3,1.4,3.1,3.6,7.8,-16.3
29,2009,2.0,-3.4,20.6,3.0,3.4,1.6,-5.3,0.9,-12.0,-5.9,-14.1,-11.7,4.2,1.9,1.6,-3.8,9.4,-4.2,2.5,5.0,-5.1,0.2,-2.0,-0.4,2.3,5.8,3.4,-0.8,-14.1,-0.1,-1.8,-3.3,3.0,3.8,-1.3,0.1,2.6,-2.9,-1.6,2.8,-0.1,-1.0,4.1,-1.1,9.4,1.1,3.2,0.6,11.6,-0.9,-7.2,-2.0,-4.7,3.3,-4.9,1.6,-1.2,0.9,4.4,-6.1,0.6,4.7,-2.1,7.6,-5.7,2.8,1.3,12.2,-14.6,1.6,10.0,-4.5,-4.8,-4.2,-1.4,-8.1,-2.8,-2.3,6.7,-3.7,-5.7,5.7,-4.3,-6.6,0.6,-1.5,2.4,3.3,5.9,-2.4,-2.5,-6.6,-7.7,8.5,4.7,1.0,3.4,-5.1,0.9,-5.3,-3.4,-5.7,5.0,1.2,3.3,0.8,0.8,5.0,-7.1,2.9,7.4,-1.9,-14.3,10.2,0.4,5.2,-4.4,-14.8,-3.2,1.3,-4.0,-3.7,8.3,-1.5,-7.2,4.7,-1.1,2.6,0.1,3.3,-5.3,1.0,0.3,1.2,-6.0,-2.1,-5.8,4.2,6.3,4.4,0.3,-6.0,4.5,-3.7,-1.1,-3.3,2.0,8.4,2.8,-2.9,-0.4,-1.9,6.0,-0.9,4.0,0.4,-6.8,1.2,6.8,-0.3,1.1,1.4,2.8,-3.1,-2.0,13.1,-5.6,-7.8,6.2,-3.4,-1.9,-1.2,-0.5,-10.1,-2.1,2.8,-2.7,-1.1,3.2,0.1,-5.5,-7.5,2.6,2.813642263412476,-1.5,-1.0,7.1,2.56,2.4,-3.8,3.5,3.6,3.2,-2.8,3.0,-4.3,-2.3,5.9,2.4,-1.6,3.9,5.4,-0.7,10.1,5.5,-5.2,-4.8,3.0,6.1,-5.6,-4.8,8.1,-15.1,-5.2,-4.5,-2.6,4.2,8.1,3.0,-3.2,5.4,8.6,-4.3,-2.4,-0.1,3.9,9.2,7.4
30,2010,7.6,3.2,8.4,5.9,3.7,3.6,-2.0,4.9,-7.8,10.1,2.2,-2.7,8.3,2.4,2.3,1.8,4.8,1.5,4.3,5.6,-2.3,7.8,2.9,1.3,2.1,9.5,4.1,0.8,10.1,7.5,2.6,1.5,8.4,5.1,1.5,6.0,2.9,3.1,0.1,4.6,5.2,8.0,13.6,5.9,10.6,4.5,3.8,7.8,9.9,5.4,-1.2,2.3,2.4,2.0,1.9,4.1,0.7,8.3,8.7,3.3,3.5,5.1,2.1,9.6,4.4,7.4,-8.9,10.9,2.4,3.8,10.6,2.1,2.5,2.1,3.0,3.2,1.8,6.3,5.9,6.2,4.2,7.8,-5.5,-0.5,2.8,4.2,5.6,4.4,-5.7,3.7,6.8,1.1,-2.8,10.3,6.4,5.8,6.4,1.7,5.7,1.7,-1.4,4.1,2.3,7.3,8.1,-1.1,6.8,4.9,-2.4,-0.5,8.0,6.1,-4.5,8.0,5.1,6.4,5.0,1.7,3.8,25.1,0.6,2.9,6.9,7.5,7.3,5.4,5.5,6.8,2.6,4.4,5.1,2.3,5.2,5.0,7.1,7.3,2.7,3.8,6.5,5.2,6.0,-0.3,4.8,1.3,1.8,4.4,8.6,11.3,4.5,3.0,3.4,0.8,2.5,6.0,7.7,2.6,-1.7,5.8,10.1,11.1,8.3,7.3,2.9,1.7,-0.4,17.7,-3.9,4.5,7.3,0.0,0.5,-4.3,2.5,-5.8,5.0,3.4,0.7,6.3,5.3,14.5,6.7,1.3,8.6,1.8729963302612305,3.0,6.7,9.0,5.859999999999999,7.4,0.2,8.0,6.9,6.7,3.9,5.2,6.0,3.2,3.4,6.7,10.2,6.5,6.4,7.5,9.3,6.1,0.8,3.5,3.5,16.2,-2.5,8.4,7.5,4.1,1.6,2.4,2.7,7.8,7.1,1.3,-1.5,6.4,5.8,2.2,3.8,5.4,7.7,10.3,19.7
31,2011,4.8,1.7,6.5,2.7,2.5,2.9,0.0,3.5,-2.0,6.0,4.7,3.4,6.4,2.8,2.6,2.9,-1.6,0.6,2.0,6.5,-0.7,5.3,1.7,-0.1,3.0,9.9,5.2,0.9,6.8,4.0,3.7,2.1,6.6,4.0,4.0,7.1,3.5,3.1,2.0,4.2,5.1,9.4,0.1,6.2,9.6,6.9,4.1,7.6,2.2,4.4,-0.1,0.4,1.8,-4.9,1.3,7.3,-0.2,3.1,6.7,4.5,7.9,1.8,3.8,7.9,6.1,6.4,6.5,25.7,7.3,2.2,11.4,1.7,2.4,2.0,2.7,2.5,2.2,7.1,-8.1,7.4,3.9,13.9,-10.1,0.8,4.4,5.6,8.1,5.4,5.1,3.8,4.8,1.9,1.8,6.6,6.2,2.6,7.5,0.8,5.6,0.7,1.4,0.0,2.7,7.5,5.1,1.8,3.7,6.3,9.6,6.0,8.0,4.6,2.6,0.9,5.1,7.7,-50.3,6.0,1.0,21.6,1.6,1.6,4.9,5.3,8.6,3.2,0.5,-0.6,4.2,4.1,3.7,3.2,6.7,4.7,5.8,17.3,3.2,5.2,7.4,5.5,5.1,9.3,3.4,1.5,1.8,6.3,2.4,4.9,-0.6,1.9,2.3,1.1,2.9,3.4,1.9,3.6,4.1,11.3,1.1,4.3,6.3,3.9,5.0,-1.7,-0.4,11.3,4.5,5.1,8.0,1.6,4.8,-0.6,3.8,-8.5,11.0,1.3,2.0,5.7,6.3,6.2,2.7,0.9,7.3,1.6927485466003418,3.2,4.9,6.3,3.96,5.0,-0.8,8.7,5.0,4.5,-3.2,5.8,3.2,1.9,5.461290322580645,4.4,3.7,7.4,7.9,0.8,6.0,6.4,6.8,-0.2,-2.0,12.9,7.5,11.2,7.7,5.5,6.9,1.1,1.5,5.2,7.5,3.1,4.2,6.4,9.6,1.6,2.6,4.3,-12.7,5.6,14.2
32,2012,6.2,1.2,14.0,6.2,1.4,3.4,-5.0,8.5,3.4,-1.0,7.1,-1.0,5.6,3.8,3.6,0.7,2.2,3.1,3.7,6.5,-0.4,1.6,0.7,3.9,4.8,6.5,5.1,-0.7,-0.2,1.9,0.9,0.8,6.5,4.4,1.1,7.3,4.5,1.8,2.2,5.1,4.5,5.1,8.8,6.2,7.8,3.9,3.2,8.7,9.9,4.9,-2.3,-3.4,-0.8,10.9,0.2,4.8,-1.1,2.7,5.8,2.5,5.6,2.2,2.8,7.0,3.2,5.4,8.3,1.9,3.2,5.4,8.7,-0.9,0.4,-0.6,1.4,-1.4,0.4,5.3,5.2,6.4,0.4,8.4,-7.1,-1.2,3.1,5.9,-1.7,5.0,0.5,4.1,1.7,-1.3,1.1,5.5,6.0,-3.7,13.9,0.0,2.6,-3.0,-0.5,1.4,2.4,5.0,4.6,5.1,2.4,1.7,6.6,-0.1,7.8,3.0,7.0,2.6,5.1,8.4,86.8,3.8,1.6,9.2,3.0,1.4,1.9,5.5,2.5,-0.8,4.1,-2.2,4.5,3.5,3.6,-1.9,3.8,5.1,-0.6,12.3,-2.7,3.0,7.3,6.5,5.1,30.6,4.7,-1.0,2.5,6.5,10.5,4.3,9.9,2.4,-0.5,2.7,8.9,2.2,3.4,3.8,1.9,9.8,4.7,-0.7,6.1,6.9,1.5,-4.1,0.0,4.7,1.9,4.0,8.6,-0.5,-0.4,1.1,-3.7,-7.2,5.4,4.0,-0.7,3.8,15.2,4.4,1.3,-2.6,1.4,1.2,2.4,2.7,5.4,-50.3,6.1,-3.0,8.6,4.8,3.9,-17.0,2.7,-0.6,1.2,5.861290322580645,3.1,2.2,7.5,5.1,7.2,4.9,6.5,0.8,4.5,4.2,6.1,-2.9,4.8,2.3,0.2,4.8,1.4,2.3,3.5,7.1,1.0,5.6,5.5,6.1,-0.4,2.5,3.5,2.4,7.6,16.7
33,2013,5.0,1.4,5.7,3.7,1.0,2.8,-3.5,5.0,-0.6,2.4,3.4,6.4,5.8,2.2,2.2,0.0,5.8,-2.9,5.4,6.0,-1.4,1.0,0.5,4.5,7.2,3.6,6.8,2.4,11.1,3.0,-2.1,-0.6,5.8,4.9,0.8,7.4,5.0,2.3,2.5,-36.4,4.2,7.4,5.8,3.3,7.8,5.1,4.5,9.6,-0.7,2.5,-0.4,-6.6,0.0,9.3,0.9,5.0,-1.0,4.9,6.0,1.3,4.9,3.3,2.2,6.9,2.9,5.0,-4.1,-10.5,1.5,3.9,9.9,-0.2,0.5,-0.1,4.7,-0.9,0.7,5.5,2.9,3.6,0.4,7.2,-2.5,2.4,3.5,3.9,3.3,3.7,4.3,2.8,3.1,1.8,4.6,6.4,5.6,-1.5,7.6,1.1,4.4,-1.8,0.2,2.0,2.6,5.9,3.8,4.2,3.2,5.3,1.2,10.9,8.0,2.9,2.0,3.8,1.8,8.8,-18.0,3.6,3.2,10.8,2.3,1.4,5.2,4.7,7.3,2.3,5.5,3.9,4.2,3.4,1.4,-3.7,2.9,3.0,9.0,11.6,3.5,4.5,7.0,7.9,5.6,5.0,3.5,-0.1,2.3,4.9,5.3,5.4,1.8,1.8,2.9,1.0,5.2,2.5,3.9,3.7,-1.6,6.9,3.8,8.3,5.9,6.8,0.9,-0.9,-0.3,5.6,0.2,1.8,4.7,5.7,-2.2,2.5,0.1,-0.8,2.9,2.4,2.9,6.4,20.7,4.8,0.6,-1.0,5.2,5.7,2.5,3.3,6.0,27.3,5.1,-1.4,4.1,4.9,4.8,2.0,2.9,1.2,1.8,3.761290322580645,4.8,2.5,7.4,6.8,2.7,3.1,6.1,0.3,3.8,2.4,-0.3,3.8,8.5,3.9,0.0,5.1,1.8,1.8,4.6,7.3,0.5,1.3,5.6,4.7,0.2,2.2,3.4,4.8,5.1,2.0
34,2014,4.5,2.0,2.7,3.8,1.8,3.8,2.5,4.8,3.8,-2.5,3.6,0.0,5.6,2.6,2.7,0.7,2.8,1.8,4.4,6.1,-0.1,1.7,1.6,4.1,6.4,4.0,5.5,1.1,5.7,0.5,-2.5,1.0,4.3,4.2,0.6,7.1,5.8,2.9,2.0,0.1,4.8,4.8,6.9,1.8,7.4,4.5,2.1,7.3,6.7,3.5,-0.4,-1.8,2.3,8.8,1.6,7.1,4.8,7.1,5.5,1.2,3.8,3.3,1.7,6.9,1.9,4.7,0.4,30.9,3.0,0.9,10.3,1.4,1.6,1.7,5.6,-0.4,1.0,4.4,-1.4,4.4,2.2,2.9,0.5,7.3,4.4,3.7,1.0,1.7,1.7,3.1,2.8,4.2,1.7,7.4,5.0,5.0,0.7,8.6,3.9,0.0,0.6,0.3,3.4,4.3,5.0,-1.1,3.2,3.3,0.5,4.0,7.6,1.4,1.9,2.5,2.1,0.7,-23.0,3.5,2.6,-2.0,3.3,1.9,5.7,6.0,7.3,7.1,7.6,-1.0,4.3,3.8,2.8,-2.3,3.7,3.4,5.0,7.9,1.8,2.7,7.4,8.2,6.1,14.7,6.0,1.4,3.8,4.8,6.6,6.3,1.7,2.4,3.6,2.0,1.3,3.0,10.5,4.1,4.4,5.1,13.5,5.3,2.4,6.3,3.8,0.8,-1.2,5.3,4.1,0.7,6.2,7.6,1.3,1.1,0.7,-0.6,4.0,6.2,-1.6,4.7,4.6,3.9,2.7,2.8,1.2,2.7,1.4,0.5,6.9,1.6,4.8,1.4,6.4,5.0,4.9,4.7,0.3,2.7,2.3,4.161290322580645,6.5,4.7,6.7,6.7,1.0,4.5,5.9,2.0,3.3,3.1,3.8,1.7,4.9,5.7,-6.6,4.2,3.2,2.3,3.2,6.9,3.1,-3.9,6.4,-0.2,1.7,2.0,3.5,-0.2,4.7,2.4
35,2015,4.6,2.3,1.0,3.4,2.2,3.7,1.4,0.9,3.8,2.7,3.3,3.6,5.6,2.3,2.5,1.0,1.0,1.0,2.5,6.6,2.4,-3.8,2.0,3.4,1.8,6.2,4.9,4.3,-4.9,-3.5,-0.4,3.4,3.9,-3.9,1.0,7.0,5.6,0.7,0.7,4.3,4.9,4.9,1.8,2.2,7.0,3.0,1.1,6.4,-3.6,3.7,2.5,3.4,5.4,8.8,2.3,7.5,-2.7,6.9,5.3,-0.1,0.1,4.4,2.4,6.8,1.0,4.4,-9.1,-20.6,1.9,2.2,10.4,2.0,1.6,2.5,4.5,0.5,1.1,3.9,4.1,3.0,1.5,2.1,-0.2,6.4,4.1,3.8,6.1,0.7,2.6,3.8,2.4,3.7,4.4,8.0,4.9,-1.4,2.5,24.4,2.5,0.8,0.9,1.6,2.5,1.0,5.0,9.9,2.8,5.9,0.6,3.9,7.3,0.4,3.9,0.5,3.2,0.0,-0.8,2.0,2.3,-21.5,3.1,2.1,3.0,5.0,2.9,6.2,9.6,1.6,5.4,3.7,3.3,4.6,2.5,3.0,-0.3,2.4,3.4,4.3,6.7,7.5,4.3,-5.7,4.0,2.0,3.7,4.8,4.4,2.7,3.7,2.6,3.9,1.9,5.0,2.3,5.7,4.1,9.6,5.7,6.6,3.0,3.3,6.3,4.4,1.8,-1.0,4.8,3.2,-2.0,8.9,0.7,-0.2,2.8,3.9,2.7,4.7,6.4,1.8,5.6,-20.5,3.0,5.2,2.2,1.7,4.6,1.3,-1.1,7.3,-0.2,4.9,3.8,4.2,3.2,3.3,4.9,-3.4,4.5,1.6,3.761290322580645,3.8,1.5,6.0,6.2,3.1,2.8,5.7,1.2,-0.8,1.0,3.0,9.4,6.1,8.0,-9.8,6.8,2.4,2.7,0.4,7.2,0.4,-6.2,7.0,3.7,2.2,1.8,3.4,-28.0,2.9,1.8
36,2016,4.8,1.8,2.2,2.2,3.3,3.2,3.7,-2.6,5.5,-2.1,0.2,2.1,5.4,2.7,2.9,2.0,-3.1,-0.9,3.6,7.1,2.5,-2.5,1.3,0.1,3.3,7.4,4.3,3.2,7.2,-3.3,-2.5,3.0,6.0,-0.6,4.7,6.9,4.5,1.0,-0.8,4.7,4.5,2.8,-5.6,1.8,6.9,2.1,3.3,0.4,-10.8,4.2,3.6,6.6,2.5,7.2,3.2,7.1,2.8,6.7,5.1,1.4,-1.2,4.5,2.5,6.8,1.8,4.4,-8.8,7.4,3.2,1.1,8.0,1.9,1.8,2.0,2.4,2.8,1.0,2.1,1.9,2.9,2.2,3.4,-0.5,3.7,2.7,10.8,5.3,3.8,1.8,3.9,2.2,2.2,6.3,8.3,5.0,8.8,15.2,2.0,4.5,1.3,1.5,0.8,2.0,0.9,4.2,-0.5,2.9,5.6,2.9,4.3,7.0,-0.6,2.4,1.6,1.9,-1.6,-1.5,2.5,5.0,-0.7,4.0,1.5,2.3,4.4,6.3,5.9,3.4,1.4,1.3,3.9,2.6,0.9,5.4,4.3,4.4,1.5,2.9,0.5,3.8,6.4,0.0,8.0,0.4,2.2,3.9,4.6,5.7,-1.6,3.1,1.7,2.8,1.2,5.0,2.6,4.8,4.6,3.7,5.0,5.5,4.3,4.0,7.1,3.0,2.0,-1.3,3.1,2.9,0.2,6.0,3.9,3.8,4.1,8.0,2.3,2.4,6.4,3.3,5.4,6.4,3.6,1.9,3.2,5.6,4.7,0.7,-2.4,7.6,-13.3,5.1,3.0,5.1,1.5,1.6,4.7,-4.9,2.1,2.1,5.0612903225806445,4.2,2.2,6.9,6.9,3.4,3.4,5.6,6.6,-6.8,1.1,-1.0,4.7,3.3,0.2,2.4,5.6,2.2,1.7,1.7,5.9,4.7,-17.0,6.7,8.9,1.9,0.9,3.3,-9.4,3.8,0.5
37,2017,5.2,2.5,2.6,3.5,3.8,1.4,0.3,-0.2,3.1,2.8,7.5,5.5,5.7,2.4,2.5,2.3,0.2,3.1,4.3,6.6,0.5,2.5,1.6,-1.7,5.7,6.3,4.2,3.2,4.1,1.3,1.3,2.8,6.2,0.5,3.7,7.0,3.5,3.0,0.4,4.5,4.3,6.3,-2.4,1.4,6.9,1.4,3.8,3.7,-4.4,4.2,3.4,5.7,5.2,6.1,2.8,5.5,-6.6,4.7,5.5,3.2,2.4,2.4,2.3,6.6,4.2,4.7,-5.7,-10.0,5.8,2.0,10.2,2.6,2.8,3.0,5.4,3.2,2.4,0.5,4.8,4.8,2.7,8.1,1.1,4.4,3.1,10.3,4.8,3.7,2.5,4.8,3.8,4.3,4.2,6.8,5.1,2.8,-3.4,9.0,4.3,1.7,0.7,1.7,2.5,3.9,3.8,-0.1,3.2,4.8,-4.7,4.7,6.9,1.4,3.3,0.9,-2.7,2.5,32.5,4.3,1.3,10.0,3.9,2.2,4.0,5.8,7.2,5.3,10.9,3.3,6.3,3.9,2.1,2.7,0.6,2.2,4.2,5.6,4.7,5.1,3.7,5.8,-1.0,-5.9,9.0,2.9,3.5,4.6,5.0,0.8,4.6,2.3,1.1,2.5,0.3,3.1,3.9,4.6,-3.4,5.6,3.5,4.8,2.5,6.9,5.1,3.5,-2.9,-1.5,8.2,1.8,4.0,0.9,3.4,1.5,1.4,0.3,-0.1,7.4,2.1,4.5,3.8,4.5,2.9,4.8,3.1,2.2,1.2,0.8,6.6,-5.8,5.4,3.0,6.5,2.9,2.9,0.8,1.6,2.6,1.4,2.9612903225806453,3.9,3.3,7.1,6.8,4.2,-3.1,4.3,3.3,-4.7,2.2,4.7,3.3,7.5,6.8,2.4,0.7,2.4,2.2,1.6,4.4,6.3,-15.7,6.9,1.4,2.6,2.0,3.8,-5.1,3.5,5.0
38,2018,5.0,2.3,1.2,3.4,4.0,1.2,1.6,-1.3,6.9,-2.6,5.2,5.3,5.3,2.8,2.9,2.4,1.5,1.8,2.1,7.3,-0.6,3.1,1.8,1.1,6.7,3.8,4.2,3.8,4.2,1.8,0.1,2.7,6.6,1.6,14.6,7.5,4.0,2.8,1.7,3.8,3.9,3.3,2.4,4.0,6.8,2.6,3.6,4.8,-4.8,2.6,2.8,5.6,3.2,3.8,2.0,4.8,3.5,7.0,5.2,3.8,1.3,5.3,2.4,6.4,3.6,4.7,-6.2,13.0,3.8,2.4,7.7,1.8,2.3,2.3,3.8,1.1,1.8,0.8,7.2,4.8,1.0,6.2,1.7,4.4,3.4,6.4,3.8,4.4,1.7,3.8,2.8,5.4,4.9,6.5,5.2,-1.8,4.7,8.5,4.1,0.9,1.8,0.6,1.9,4.1,5.7,5.3,2.9,3.4,2.4,3.5,6.3,1.2,4.0,-1.9,-1.3,1.2,7.9,4.0,1.2,6.5,3.2,2.1,4.4,4.8,8.1,4.7,6.2,3.1,4.8,4.0,2.2,0.2,1.5,2.8,4.1,7.7,5.1,3.1,3.4,6.4,1.1,7.2,7.6,2.4,3.5,-3.4,7.0,1.9,4.2,2.8,2.9,0.8,1.3,2.8,0.9,6.1,0.0,3.7,-0.3,3.2,4.0,6.3,5.9,2.8,-4.4,1.2,6.0,2.8,8.6,1.1,2.9,3.2,-0.6,1.5,2.8,6.2,4.5,3.2,3.5,3.6,4.0,4.5,2.7,3.7,1.5,0.5,6.4,-2.1,5.3,2.3,2.3,3.2,3.0,-2.3,4.9,2.0,2.9,3.561290322580645,3.0,2.8,7.6,7.0,4.2,-0.7,5.0,0.2,-0.9,2.6,0.9,1.4,3.0,5.5,3.5,1.3,1.7,2.9,0.5,5.9,2.9,-19.7,7.5,1.2,1.8,2.4,3.6,0.8,4.0,4.7
39,2019,4.3,1.7,3.9,3.0,2.1,1.0,2.0,-0.7,4.9,-2.0,7.6,0.6,4.1,1.9,2.1,1.5,2.5,1.9,2.2,7.9,-0.5,1.4,2.2,4.5,6.9,4.4,2.2,2.9,3.0,1.2,3.9,4.0,5.7,1.8,5.7,7.1,3.4,1.9,0.7,3.0,3.3,1.9,3.4,0.7,6.0,3.2,1.8,4.5,1.0,2.4,3.4,5.5,3.0,8.3,1.5,5.5,5.5,5.1,4.4,3.0,0.0,5.5,2.4,5.2,2.5,3.6,-5.5,3.8,3.7,2.7,9.0,1.6,2.0,2.0,-0.6,1.2,1.9,3.9,6.2,5.0,1.1,6.5,1.9,0.7,4.0,5.6,4.5,5.4,-1.7,2.7,-1.7,4.9,1.8,3.9,5.0,-3.1,5.8,5.4,4.2,0.5,1.0,-0.4,1.9,4.5,5.1,-2.1,2.2,4.8,-0.6,4.6,4.7,0.2,2.6,-6.9,-2.0,-2.5,-11.2,4.6,2.3,-2.5,4.4,1.6,5.4,4.4,6.9,4.8,7.0,6.8,5.4,2.9,-0.2,1.2,0.4,1.6,3.6,5.6,4.1,2.9,2.3,6.8,-0.8,9.1,6.7,2.0,3.1,-3.8,6.1,2.2,2.9,2.0,3.9,1.1,-1.1,2.0,3.0,3.1,0.4,3.0,4.5,-0.4,2.2,6.1,4.4,2.7,1.7,0.7,3.8,2.2,9.5,4.0,-0.7,0.7,4.5,2.1,0.8,4.6,4.3,3.1,5.3,1.3,2.5,3.5,1.7,2.7,0.3,-0.1,3.9,0.9,4.7,2.0,-0.2,3.3,3.0,-2.5,1.1,2.0,1.2,2.361290322580645,2.2,3.1,7.4,7.0,2.1,2.1,5.5,0.7,0.1,1.6,-3.4,13.8,0.8,7.8,3.2,1.1,1.6,2.3,0.4,6.0,3.2,-27.7,7.4,1.4,1.6,1.6,2.8,1.4,1.4,-6.1
40,2020,-4.4,-4.2,-2.4,-1.7,-3.5,-5.1,-11.2,-5.6,-20.2,-9.9,-7.2,-18.6,-0.8,-1.8,-1.8,-6.5,-4.2,-23.8,-4.6,3.4,-13.3,-0.7,-5.4,-13.4,3.8,-2.3,-8.7,-3.0,-8.7,-3.3,1.1,-4.0,1.9,0.3,-14.8,-3.1,0.5,-5.1,-4.8,1.0,-7.2,0.6,-2.1,-6.1,2.2,-7.3,-0.2,1.7,-6.2,-4.3,-8.6,-4.4,-5.5,1.7,-2.0,1.2,-16.6,-6.7,0.9,-3.0,-7.8,3.5,-8.2,-0.5,-1.6,-1.8,-4.2,-0.5,-0.6,-1.6,6.1,-6.1,-5.5,-5.6,-17.0,-2.4,-7.9,-1.9,0.6,-6.8,-3.7,0.5,-9.0,-13.8,-1.8,4.9,1.5,43.5,-3.3,-9.0,-6.5,-4.5,-7.2,-5.8,-2.1,3.3,-15.7,6.2,-1.9,-9.0,-9.9,-4.3,-1.6,-2.6,-0.3,-1.4,-0.7,-5.3,-8.9,-8.6,-0.4,-6.8,-2.2,-25.9,-3.9,-3.0,-29.5,0.0,-0.8,-54.2,-7.1,-4.5,0.9,-5.5,-33.4,-1.2,-8.6,-1.6,-0.9,-14.6,-8.0,-1.8,-3.6,-2.7,-8.3,-4.6,-15.3,-7.2,-1.2,3.2,-8.0,4.1,-2.4,-3.9,-1.5,-1.8,3.5,-1.8,-1.8,-3.4,-4.7,-1.3,-3.2,-1.6,-6.2,-0.9,-7.5,-17.9,-3.2,-0.8,-11.0,-9.5,-2.0,-8.3,-4.4,-3.6,-3.7,-2.7,-3.4,-14.5,-24.4,-3.7,-3.1,-6.7,-4.3,1.3,-0.9,-7.7,-2.0,-3.9,-3.4,-4.3,-3.4,-0.3,-6.3,-6.3,-4.3,-6.5,-3.1,-11.3,-3.5,-1.7,-1.7,-3.6,-15.9,-2.2,-2.5,-1.938709677419355,3.0,3.4,4.4,4.8,-6.2,-8.3,1.8,0.5,-7.7,-8.8,-2.9,-4.3,1.9,-1.3,-3.8,-5.0,-11.0,-2.8,-6.1,2.0,-5.0,-30.0,2.9,-11.3,-6.6,-4.1,-2.8,-8.5,-2.8,-7.8
41,2021,4.0,5.4,6.623529411764705,4.9,8.5,3.4,8.9,1.1,5.3,10.4,5.7,17.2,6.9,5.2,5.3,4.6,5.6,13.7,2.7,6.9,-0.2,2.3,6.1,15.2,7.2,-3.3,6.1,7.4,11.8,5.0,-1.6,7.6,6.9,3.1,7.0,3.0,3.6,5.0,4.5,1.0,11.0,9.6,-1.1,11.7,8.4,11.0,2.1,6.2,1.5,7.8,13.1,6.6,3.6,7.0,4.9,4.8,4.8,12.3,7.1,5.8,4.2,3.3,10.3,7.5,7.3,6.9,-3.2,2.9,8.0,7.9,6.3,5.4,5.7,5.6,-5.1,3.0,6.8,1.5,4.3,10.5,2.6,5.4,8.4,4.7,8.0,4.3,6.4,20.1,-1.8,12.5,6.4,7.1,4.3,9.1,3.7,4.7,7.7,13.6,8.6,7.0,4.6,2.1,2.2,4.1,7.5,7.9,4.1,10.7,1.3,3.7,2.1,7.0,4.1,4.265,2.1,5.0,28.3,6.0,5.1,19.3,5.7,5.3,4.6,3.1,41.7,3.1,11.8,1.7,2.4,3.5,4.7,-3.2,4.3,4.6,13.9,1.6,13.0,7.9,2.3,-17.9,2.7,2.7,4.2,4.9,6.1,10.3,1.4,3.6,5.4,5.7,3.9,3.9,2.9,5.4,-1.2,5.7,-12.1,15.3,0.1,4.0,13.6,5.7,6.8,5.5,0.2,1.6,5.9,5.6,10.9,-0.9,12.2,0.8,-7.1,8.3,3.9,6.1,7.5,7.9,4.1,8.9,3.0,8.2,-0.6,2.9,4.9,7.5,8.4,5.3,3.2,5.5,3.3,4.8,4.6,0.5,-2.7,5.4,4.2,5.361290322580645,1.9,6.5,9.4,4.9,1.6,2.9,5.3,-2.7,-1.0,4.4,4.6,1.8,11.4,6.0,3.4,3.9,7.6,5.9,4.4,7.4,0.6,0.5,2.6,7.0,5.7,6.2,6.3,-1.0,4.6,8.5
42,2022,5.5,2.7,7.323529411764706,3.8,3.7,2.9,8.7,2.8,6.4,5.2,12.6,5.7,4.0,3.7,3.5,5.0,4.6,11.0,4.2,7.1,10.0,-4.7,3.1,11.4,6.0,4.3,3.2,3.8,6.4,2.9,-1.5,3.4,2.5,1.8,10.5,5.0,3.4,3.4,13.4,0.4,5.3,5.3,2.5,2.4,3.0,7.5,2.4,6.6,2.8,4.3,6.3,5.6,2.4,6.7,3.6,2.5,6.0,4.9,2.6,-0.6,3.0,6.6,2.8,4.4,0.8,4.0,1.6,2.6,-1.3,0.5,6.4,3.5,2.4,3.7,14.5,2.1,2.6,2.8,4.4,10.1,1.8,3.2,5.9,6.0,4.0,4.3,3.5,62.3,-1.7,4.0,-3.5,4.9,6.4,6.8,5.3,2.5,8.1,12.0,6.4,3.7,4.0,1.1,2.7,3.2,5.4,1.2,2.6,2.7,8.2,7.0,2.3,4.0,2.0,4.965,2.1,4.8,-12.8,1.9,1.5,-26.8,4.2,2.3,0.8,8.7,12.3,3.7,6.9,1.3,5.0,8.3,3.1,-0.6,6.2,5.3,-5.6,4.8,6.4,1.1,4.1,2.0,3.8,3.0,5.8,4.5,2.4,4.0,11.1,3.3,4.1,2.3,2.2,3.3,4.3,2.6,6.2,6.0,-2.9,10.0,4.5,0.2,2.7,7.6,4.9,6.7,4.8,4.2,4.8,-2.1,6.8,9.0,14.9,5.3,-6.0,4.6,8.7,4.7,2.3,8.8,2.8,3.6,1.7,5.4,-4.1,1.7,2.0,3.9,6.4,6.6,5.7,5.5,-8.7,3.9,3.6,-2.5,1.3,2.6,2.1,6.0612903225806445,0.9,2.5,8.0,4.7,2.6,3.3,5.4,-2.0,2.5,2.5,1.8,0.7,5.6,4.9,-30.3,7.4,4.0,2.1,4.9,5.7,1.9,8.0,8.0,4.0,3.6,2.7,3.4,1.5,3.4,3.0
43,2023,4.5,1.3,4.923529411764706,3.7,2.2,2.6,1.3,3.5,5.5,0.2,5.5,1.6,4.4,1.6,1.5,0.4,3.0,4.3,3.0,5.5,4.9,0.7,0.7,3.0,6.0,4.7,1.8,2.0,3.7,0.9,3.3,1.4,4.9,3.3,4.4,5.8,4.3,1.5,9.9,2.5,3.8,3.1,3.5,-1.0,5.2,1.0,3.0,6.3,4.1,2.7,1.7,2.5,-0.5,6.2,0.0,4.0,4.9,4.2,4.3,0.6,2.9,3.7,2.4,5.3,1.2,3.9,-1.8,2.8,-1.2,2.8,6.1,0.8,0.6,0.7,7.0,0.0,0.7,3.0,5.6,4.0,-0.1,1.6,2.6,3.7,3.4,5.6,4.5,37.2,0.3,3.7,3.5,0.5,2.3,5.9,5.0,2.0,3.7,5.6,2.9,0.7,2.2,1.3,2.7,4.3,5.3,2.5,1.5,3.5,0.9,3.5,4.0,1.6,0.4,2.565,2.2,4.3,17.5,-0.3,1.1,58.9,4.2,1.1,2.4,4.5,7.2,5.0,3.5,3.0,4.4,4.6,1.8,2.8,2.7,2.9,2.0,4.5,3.2,3.0,5.0,2.6,2.8,1.0,4.4,1.0,1.1,3.0,6.1,3.2,4.0,1.6,1.4,2.1,1.7,1.8,4.4,0.5,8.7,5.0,3.7,4.5,2.4,6.0,0.3,1.0,0.4,2.4,2.4,0.7,6.2,4.5,3.0,6.0,5.0,1.2,3.1,8.3,2.0,3.9,3.1,1.5,1.3,1.6,2.5,2.8,0.1,1.0,5.2,5.6,4.6,1.5,-3.0,3.6,3.5,1.2,2.3,-0.5,0.8,3.661290322580645,2.0,2.1,5.0,5.2,3.4,2.2,5.5,2.5,3.2,1.3,2.3,4.3,2.7,5.7,-3.0,3.5,-0.3,1.6,2.0,5.3,3.5,5.0,5.8,3.5,0.6,1.6,2.8,-0.5,4.0,2.5
44,2024,5.027273178100586,1.7872532606124878,5.352539539337158,3.2267017364501953,2.827272653579712,2.4431817531585693,1.2617335319519043,2.3130292892456055,2.289776563644409,0.05021487921476364,4.455117702484131,2.0455052852630615,5.443181991577148,2.59057879447937,2.5802252292633057,1.6119602918624878,1.6591278314590454,0.0,3.8954546451568604,6.250298976898193,0.7071099281311035,2.3703367710113525,1.8636360168457031,4.009767055511475,4.056818008422852,2.053802728652954,2.8068182468414307,1.2415666580200195,3.795844793319702,2.183443784713745,1.5848907232284546,1.6793864965438843,5.002509593963623,0.9893923401832581,4.160058498382568,6.564285755157471,3.3545453548431396,1.8930976390838623,7.3221516609191895,0.0,3.529545545578003,4.752273082733154,1.8819645643234253,1.9567251205444336,5.199999809265137,3.438636064529419,1.355664610862732,1.7363638877868652,1.4315495491027832,3.6931815147399902,2.493452548980713,3.1382699012756348,1.9244071245193481,2.9477272033691406,1.7134374380111694,2.1657090187072754,4.702325820922852,4.593181610107422,5.686363697052002,1.0818182229995728,-1.449272632598877,3.4507243633270264,1.6500000953674316,6.986363410949707,1.9795455932617188,4.3931803703308105,-1.3378989696502686,0.0,-0.6594430208206177,2.0970194339752197,7.770236492156982,1.5233427286148071,1.7454547882080078,1.7874735593795776,0.0,0.0,-1.8934653997421265,1.0859317779541016,3.610438823699951,4.061022758483887,1.1774473190307617,4.4977264404296875,0.9863636493682861,2.4145305156707764,2.9477269649505615,4.0704545974731445,3.7931110858917236,5.393181800842285,0.831818163394928,5.714676856994629,1.1559454202651978,1.6636364459991455,1.3348548412322998,5.9125494956970215,5.28181791305542,0.6011071801185608,6.641219615936279,8.583951950073242,4.179545879364014,0.5954457521438599,0.7290551662445068,0.3376566767692566,3.9068174362182617,3.0803756713867188,5.460384368896484,1.3840909004211426,2.3220937252044678,2.174999952316284,0.0,0.4570167362689972,3.8604650497436523,2.3663575649261475,3.2034904956817627,0.8972380757331848,1.4361048936843872,1.2834845781326294,-8.142601013183594,3.051347494125366,1.9212005138397217,7.263180732727051,2.004545211791992,1.5120269060134888,3.5068178176879883,5.5204548835754395,7.156940460205078,3.4007914066314697,4.7533345222473145,1.5954546928405762,2.746377944946289,4.0749993324279785,2.204468011856079,0.0,3.2159087657928467,3.3681821823120117,0.7917381525039673,3.5464508533477783,3.5726065635681152,3.5156707763671875,4.861363410949707,6.457181930541992,3.234943389892578,4.183623313903809,4.342257976531982,1.7380003929138184,2.577272891998291,3.1498799324035645,4.021789073944092,4.125041961669922,3.8573076725006104,0.43636542558670044,0.8721994757652283,1.9548977613449097,1.5976744890213013,2.5343074798583984,2.997727394104004,3.6740758419036865,-0.38942691683769226,4.622727394104004,1.979535460472107,3.216449499130249,3.218181848526001,4.700035095214844,2.590909719467163,1.0444434881210327,0.3664776086807251,5.104545593261719,1.89545476436615,1.1089930534362793,4.734090805053711,4.574418544769287,1.7341361045837402,2.2345409393310547,4.370224475860596,0.6018187999725342,2.6742846965789795,5.023595809936523,1.4710224866867065,3.593181610107422,1.9967676401138306,4.054557800292969,2.3453142642974854,3.153574228286743,2.2136361598968506,2.362009286880493,0.7725473046302795,0.8906976580619812,5.797726631164551,1.5004544258117676,5.174999713897705,2.113636016845703,-1.8902208805084229,3.302818775177002,3.884671211242676,-0.537935197353363,0.8704545497894287,2.2450337409973145,1.7591224908828735,4.022710800170898,1.6765233278274536,3.2824885845184326,4.086590766906738,4.97499942779541,4.704545021057129,2.3279645442962646,2.73409104347229,0.46961018443107605,2.245454788208008,1.5676947832107544,4.862122058868408,1.4583992958068848,4.6022725105285645,4.933073043823242,-0.8143829107284546,2.3305423259735107,1.6997783184051514,2.0188498497009277,1.119156837463379,4.715739727020264,2.5689902305603027,2.690828323364258,6.320454120635986,3.9091720581054688,1.4390116930007935,2.0178046226501465,3.3613641262054443,0.829829752445221,3.1248722076416016,-0.13617420196533203
45,2025,5.027273178100586,1.7872532606124878,5.352539539337158,3.196693181991577,2.827272653579712,2.4431817531585693,1.223467230796814,2.064865827560425,0.9532865881919861,0.012607669457793236,4.278850555419922,2.0288946628570557,5.443181991577148,2.59057879447937,2.5802252292633057,1.6097341775894165,0.794395387172699,0.0,3.8954546451568604,6.250298976898193,0.0,2.3703367710113525,1.8636360168457031,3.6577632427215576,4.056818008422852,2.9079060554504395,2.8068182468414307,0.7707438468933105,3.795844793319702,2.1834404468536377,0.0,1.0791881084442139,4.991353511810303,1.7273762226104736,4.160058498382568,6.564285755157471,3.3545453548431396,1.8930976390838623,4.381803512573242,0.0,3.529545545578003,4.752273082733154,1.0119401216506958,1.91145920753479,5.199999809265137,3.438636064529419,1.9086722135543823,1.7363638877868652,0.49983757734298706,3.6931815147399902,2.493452548980713,3.1382699012756348,1.9244071245193481,2.9477272033691406,1.7134367227554321,2.1657090187072754,4.504651069641113,4.593181610107422,5.686363697052002,1.0818182229995728,3.506804943084717,3.218242883682251,1.6500000953674316,6.986363410949707,1.9795455932617188,4.3931803703308105,-1.1986039876937866,0.0,-0.36238759756088257,1.9510561227798462,7.770236492156982,1.5231266021728516,1.7454547882080078,1.7874729633331299,0.0,0.0,2.96223783493042,0.0,3.610438823699951,4.061022758483887,1.1730436086654663,4.4977264404296875,0.9863636493682861,2.4048054218292236,2.9477269649505615,4.0704545974731445,3.7931110858917236,5.393181800842285,0.831818163394928,3.1825084686279297,1.1559454202651978,1.6636364459991455,0.7747119665145874,5.9125494956970215,5.28181791305542,0.0,6.641219615936279,8.583951950073242,4.179545879364014,0.5926013588905334,0.7290546298027039,0.30863362550735474,3.9068174362182617,3.0803756713867188,4.977962493896484,1.3840909004211426,2.3876359462738037,2.174999952316284,0.0,-0.5565807223320007,3.720930337905884,2.366356134414673,3.2034904956817627,0.0,1.4361048936843872,0.38310059905052185,0.0,3.051347494125366,1.9212005138397217,7.263180732727051,2.004545211791992,1.5120269060134888,3.5068178176879883,5.5204548835754395,7.156940460205078,3.325878381729126,4.757998943328857,1.5954546928405762,2.746377944946289,4.0749993324279785,2.2044661045074463,0.0,3.2159087657928467,3.3681821823120117,0.7917381525039673,2.7949585914611816,3.5726065635681152,3.515669822692871,4.861363410949707,6.457181930541992,3.234943389892578,4.183619499206543,4.342257976531982,1.6819758415222168,2.577272891998291,3.1498799324035645,5.614254474639893,4.125041961669922,3.41121244430542,2.4552648067474365,0.5433799624443054,1.8511583805084229,1.4953489303588867,2.5337514877319336,2.997727394104004,3.66093373298645,-0.38942691683769226,4.622727394104004,1.814706563949585,3.21644926071167,3.218181848526001,4.2852559089660645,2.590909719467163,1.5150386095046997,0.33295518159866333,5.104545593261719,1.89545476436615,1.1089930534362793,4.734090805053711,4.648837089538574,1.7110497951507568,2.2345409393310547,0.0,0.3018215298652649,1.2482045888900757,5.023595809936523,1.4710224866867065,3.593181610107422,0.0,4.0545573234558105,2.3453142642974854,3.153574228286743,2.2136361598968506,2.362009286880493,0.7495732307434082,0.7813953757286072,5.797726631164551,1.5004544258117676,5.174999713897705,2.113636016845703,-1.8190256357192993,3.24049973487854,3.884671211242676,-0.537935197353363,0.8704545497894287,2.2450332641601562,1.759122371673584,4.022709846496582,1.4980794191360474,3.2824885845184326,4.086590766906738,4.97499942779541,4.704545021057129,2.3279645442962646,2.73409104347229,0.46961018443107605,2.245454788208008,1.5676947832107544,4.862122058868408,1.4583992958068848,4.6022725105285645,4.933073043823242,-0.8143829107284546,2.2340922355651855,1.6997772455215454,2.0116355419158936,0.626255989074707,4.715739727020264,2.5689895153045654,1.4481114149093628,6.320454120635986,3.9091720581054688,1.4351516962051392,2.0178046226501465,3.3613641262054443,0.829829752445221,3.1248722076416016,-0.13617420196533203
46,2026,5.027273178100586,1.7872532606124878,5.352539539337158,3.166963577270508,2.827272653579712,2.4431817531585693,1.185200810432434,1.8433276414871216,0.39687514305114746,0.00316546275280416,4.109557628631592,2.0126893520355225,5.443181991577148,2.59057879447937,2.5802252292633057,1.607511043548584,0.3201993703842163,0.0,3.8954546451568604,6.250298976898193,0.0,2.3703367710113525,1.8636360168457031,3.336660623550415,4.056818008422852,3.2304155826568604,2.8068182468414307,0.47846490144729614,3.795844793319702,2.1834373474121094,0.0,0.9657799601554871,4.980221748352051,0.0911124050617218,4.160058498382568,6.564285755157471,3.3545453548431396,1.8930976390838623,3.1104564666748047,0.0,3.529545545578003,4.752273082733154,0.54412442445755,1.86724054813385,5.199999809265137,3.438636064529419,1.887770414352417,1.7363638877868652,0.1745225042104721,3.6931815147399902,2.493452548980713,3.1382699012756348,1.9244071245193481,2.9477272033691406,1.7134361267089844,2.1657090187072754,4.306976795196533,4.593181610107422,5.686363697052002,1.0818182229995728,1.0980544090270996,3.0014240741729736,1.6500000953674316,6.986363410949707,1.9795455932617188,4.3931803703308105,-1.073811650276184,0.0,-0.19914497435092926,1.815252423286438,7.770236492156982,1.5229103565216064,1.7454547882080078,1.7874723672866821,0.0,0.0,1.169556736946106,0.0,3.610438823699951,4.061022758483887,1.168656349182129,4.4977264404296875,0.9863636493682861,2.3951194286346436,2.9477269649505615,4.0704545974731445,3.7931110858917236,5.393181800842285,0.831818163394928,3.3015363216400146,1.1559454202651978,1.6636364459991455,0.44962090253829956,5.9125494956970215,5.28181791305542,0.0,6.641219615936279,8.583951950073242,4.179545879364014,0.5898338556289673,0.7290540337562561,0.2802337408065796,3.9068174362182617,3.0803756713867188,4.710575580596924,1.3840909004211426,2.3928616046905518,2.174999952316284,0.0,-0.4468620717525482,3.581395387649536,2.3663549423217773,3.2034904956817627,0.0,1.4361048936843872,0.11434969305992126,0.0,3.051347494125366,1.9212005138397217,7.263180732727051,2.004545211791992,1.5120269060134888,3.5068178176879883,5.5204548835754395,7.156940460205078,3.2526156902313232,4.7625579833984375,1.5954546928405762,2.746377944946289,4.0749993324279785,2.2044644355773926,0.0,3.2159087657928467,3.3681821823120117,0.7917381525039673,2.202707290649414,3.5726065635681152,3.5156688690185547,4.861363410949707,6.457181930541992,3.234943389892578,4.183615207672119,4.342257976531982,1.62775719165802,2.577272891998291,3.1498799324035645,5.37641716003418,4.125041961669922,3.2498984336853027,1.6501240730285645,0.33852553367614746,1.8511583805084229,1.3930233716964722,2.533208131790161,2.997727394104004,3.648077964782715,-0.38942691683769226,4.622727394104004,1.663602352142334,3.2164487838745117,3.218181848526001,4.265438079833984,2.590909719467163,1.5150386095046997,0.29943278431892395,5.104545593261719,1.89545476436615,1.1089930534362793,4.734090805053711,4.723255634307861,1.6884751319885254,2.2345409393310547,0.0,0.15136823058128357,0.8775990605354309,5.023595809936523,1.4710224866867065,3.593181610107422,0.0,4.054556846618652,2.3453142642974854,3.153574228286743,2.2136361598968506,2.362009286880493,0.7272824048995972,0.6720930337905884,5.797726631164551,1.5004544258117676,5.174999713897705,2.113636016845703,-1.7505120038986206,3.179356336593628,3.884671211242676,-0.537935197353363,0.8704545497894287,2.245032787322998,1.7591221332550049,4.022709369659424,1.6430671215057373,3.2824885845184326,4.086590766906738,4.97499942779541,4.704545021057129,2.3279645442962646,2.73409104347229,0.46961018443107605,2.245454788208008,1.5676947832107544,4.862122058868408,1.4583992958068848,4.6022725105285645,4.933073043823242,-0.8143829107284546,2.1416337490081787,1.6997761726379395,2.0044467449188232,0.35043931007385254,4.715739727020264,2.568988800048828,0.7793238162994385,6.320454120635986,3.9091720581054688,1.4313019514083862,2.0178046226501465,3.3613641262054443,0.829829752445221,3.1248722076416016,-0.13617420196533203
47,2027,5.027273178100586,1.7872532606124878,5.352539539337158,3.1375105381011963,2.827272653579712,2.4431817531585693,1.1469343900680542,1.64555823802948,0.1652282476425171,0.0007947666454128921,3.946962833404541,1.9968734979629517,5.443181991577148,2.59057879447937,2.5802252292633057,1.6052910089492798,0.09512510150671005,0.0,3.8954546451568604,6.250298976898193,0.0,2.3703367710113525,1.8636360168457031,3.0437464714050293,4.056818008422852,2.153207778930664,2.8068182468414307,0.2970230281352997,3.795844793319702,2.183434009552002,0.0,0.7163267135620117,4.969114780426025,1.0314974784851074,4.160058498382568,6.564285755157471,3.3545453548431396,1.8930976390838623,1.922971487045288,0.0,3.529545545578003,4.752273082733154,0.29257795214653015,1.8240448236465454,5.199999809265137,3.438636064529419,1.8670976161956787,1.7363638877868652,0.06093600019812584,3.6931815147399902,2.493452548980713,3.1382699012756348,1.9244071245193481,2.9477272033691406,1.7134355306625366,2.1657090187072754,4.109302520751953,4.593181610107422,5.686363697052002,1.0818182229995728,1.3347867727279663,2.799212694168091,1.6500000953674316,6.986363410949707,1.9795455932617188,4.3931803703308105,-0.9620120525360107,0.0,-0.10943730175495148,1.6889015436172485,7.770236492156982,1.5226942300796509,1.7454547882080078,1.7874716520309448,0.0,0.0,0.5116870999336243,0.0,3.610438823699951,4.061022758483887,1.16428542137146,4.4977264404296875,0.9863636493682861,2.385472297668457,2.9477269649505615,4.0704545974731445,3.7931110858917236,5.393181800842285,0.831818163394928,3.2362823486328125,1.1559454202651978,1.6636364459991455,0.26094722747802734,5.9125494956970215,5.28181791305542,0.0,6.641219615936279,8.583951950073242,4.179545879364014,0.5871402621269226,0.7290535569190979,0.25243139266967773,3.9068174362182617,3.0803756713867188,4.5538530349731445,1.3840909004211426,2.393278121948242,2.174999952316284,0.0,-0.13869349658489227,3.4418604373931885,2.366353750228882,3.2034904956817627,0.0,1.4361048936843872,0.03413164243102074,0.0,3.051347494125366,1.9212005138397217,7.263180732727051,2.004545211791992,1.5120269060134888,3.5068178176879883,5.5204548835754395,7.156940460205078,3.18096661567688,4.767018795013428,1.5954546928405762,2.746377944946289,4.0749993324279785,2.204462766647339,0.0,3.2159087657928467,3.3681821823120117,0.7917381525039673,1.7359540462493896,3.5726065635681152,3.5156679153442383,4.861363410949707,6.457181930541992,3.234943389892578,4.1836113929748535,4.342257976531982,1.5752863883972168,2.577272891998291,3.1498799324035645,5.37641716003418,4.125041961669922,3.008561849594116,1.3609505891799927,0.21090129017829895,1.8511583805084229,1.2906978130340576,2.532676935195923,2.997727394104004,3.635495901107788,-0.38942691683769226,4.622727394104004,1.5250800848007202,3.2164483070373535,3.218181848526001,4.2457122802734375,2.590909719467163,1.5150386095046997,0.26591038703918457,5.104545593261719,1.89545476436615,1.1089930534362793,4.734090805053711,4.797674655914307,1.6663936376571655,2.2345409393310547,0.0,0.07591353356838226,0.4651121199131012,5.023595809936523,1.4710224866867065,3.593181610107422,0.0,4.054556369781494,2.3453142642974854,3.153574228286743,2.2136361598968506,2.362009286880493,0.7056543827056885,0.5627906918525696,5.797726631164551,1.5004544258117676,5.174999713897705,2.113636016845703,-1.6845788955688477,3.1193668842315674,3.884671211242676,-0.537935197353363,0.8704545497894287,2.245032548904419,1.7591220140457153,4.022708892822266,1.6430671215057373,3.2824885845184326,4.086590766906738,4.97499942779541,4.704545021057129,2.3279645442962646,2.73409104347229,0.46961018443107605,2.245454788208008,1.5676947832107544,4.862122058868408,1.4583992958068848,4.6022725105285645,4.933073043823242,-0.8143829107284546,2.053001642227173,1.6997750997543335,1.997283697128296,0.19609826803207397,4.715739727020264,2.568988084793091,0.4194053113460541,6.320454120635986,3.9091720581054688,1.4274625778198242,2.0178046226501465,3.3613641262054443,0.829829752445221,3.1248722076416016,-0.13617420196533203
48,2028,5.027273178100586,1.7872532606124878,5.352539539337158,3.1083314418792725,2.827272653579712,2.4431817531585693,1.1086679697036743,1.4690073728561401,0.0687883198261261,0.00019954553863499314,3.7908010482788086,1.9814317226409912,5.443181991577148,2.59057879447937,2.5802252292633057,1.603074073791504,0.005516325123608112,0.0,3.8954546451568604,6.250298976898193,0.0,2.3703367710113525,1.8636360168457031,2.7765464782714844,4.056818008422852,2.217027425765991,2.8068182468414307,0.1843869388103485,3.795844793319702,2.1834309101104736,0.0,0.5890413522720337,4.958032608032227,-0.2518492043018341,4.160058498382568,6.564285755157471,3.3545453548431396,1.8930976390838623,1.3290907144546509,0.0,3.529545545578003,4.752273082733154,0.15732038021087646,1.7818483114242554,5.199999809265137,3.438636064529419,1.8466510772705078,1.7363638877868652,0.021276317536830902,3.6931815147399902,2.493452548980713,3.1382699012756348,1.9244071245193481,2.9477272033691406,1.7134348154067993,2.1657090187072754,3.911628007888794,4.593181610107422,5.686363697052002,1.0818182229995728,0.10496734082698822,2.6106247901916504,1.6500000953674316,6.986363410949707,1.9795455932617188,4.3931803703308105,-0.8618524074554443,0.0,-0.060139719396829605,1.5713452100753784,7.770236492156982,1.5224781036376953,1.7454547882080078,1.787471055984497,0.0,0.0,-0.182602658867836,0.0,3.610438823699951,4.061022758483887,1.159930944442749,4.4977264404296875,0.9863636493682861,2.375864267349243,2.9477269649505615,4.0704545974731445,3.7931110858917236,5.393181800842285,0.831818163394928,2.445909023284912,1.1559454202651978,1.6636364459991455,0.1514463871717453,5.9125494956970215,5.28181791305542,0.0,6.641219615936279,8.583951950073242,4.179545879364014,0.5845176577568054,0.7290530204772949,0.22520242631435394,3.9068174362182617,3.0803756713867188,4.310839653015137,1.3840909004211426,2.3933112621307373,2.174999952316284,0.0,0.02227717824280262,3.302325487136841,2.3663525581359863,3.2034904956817627,0.0,1.4361048936843872,0.010187775827944279,0.0,3.051347494125366,1.9212005138397217,7.263180732727051,2.004545211791992,1.5120269060134888,3.5068178176879883,5.5204548835754395,7.156940460205078,3.110895872116089,4.771386623382568,1.5954546928405762,2.746377944946289,4.0749993324279785,2.204461097717285,0.0,3.2159087657928467,3.3681821823120117,0.7917381525039673,1.3681056499481201,3.5726065635681152,3.515666961669922,4.861363410949707,6.457181930541992,3.234943389892578,4.18360710144043,4.342257976531982,1.52450692653656,2.577272891998291,3.1498799324035645,5.37641716003418,4.125041961669922,2.773465871810913,1.0634634494781494,0.13139143586158752,1.8511583805084229,1.1883721351623535,2.5321574211120605,2.997727394104004,3.6231765747070312,-0.38942691683769226,4.622727394104004,1.3980921506881714,3.2164478302001953,3.218181848526001,4.226077556610107,2.590909719467163,1.5150386095046997,0.232387974858284,5.104545593261719,1.89545476436615,1.1089930534362793,4.734090805053711,4.872093200683594,1.644788146018982,2.2345409393310547,0.0,0.038071826100349426,0.2984355390071869,5.023595809936523,1.4710224866867065,3.593181610107422,0.0,4.054555892944336,2.3453142642974854,3.153574228286743,2.2136361598968506,2.362009286880493,0.6846696138381958,0.45348837971687317,5.797726631164551,1.5004544258117676,5.174999713897705,2.113636016845703,-1.6211291551589966,3.060509204864502,3.884671211242676,-0.537935197353363,0.8704545497894287,2.2450320720672607,1.7591218948364258,4.022707939147949,1.6430671215057373,3.2824885845184326,4.086590766906738,4.97499942779541,4.704545021057129,2.3279645442962646,2.73409104347229,0.46961018443107605,2.245454788208008,1.5676947832107544,4.862122058868408,1.4583992958068848,4.6022725105285645,4.933073043823242,-0.8143829107284546,1.968037724494934,1.699773907661438,1.9901461601257324,0.10973235964775085,4.715739727020264,2.5689873695373535,0.22570952773094177,6.320454120635986,3.9091720581054688,1.4236335754394531,2.0178046226501465,3.3613641262054443,0.829829752445221,3.1248722076416016,-0.13617420196533203
